address,avgspeed,carport,lat,lon,pk,totalvol,time
成功路2段312巷(單號,53,4,25.067181,121.590524,VQ6WK40,26,2015-11-20 02:46:22.103
三重路19-4號對面人行道上,70,2,25.056748,121.614052,VMQ4C40,4,2015-11-20 02:46:22.103
民權東路六段(防災科學教育館對面,32,4,25.068872,121.589878,VQKWL60,2,2015-11-20 02:46:22.103
莒光路219號前,51,2,25.031081,121.501328,VH7E720,3,2015-11-20 02:46:22.103
師大路入口匝道起點,38,1,25.020425,121.522924,V4291E0,5,2015-11-20 02:46:22.103
研究院路3段37號對面人行道上,70,1,25.035073,121.615966,VHX4E40,1,2015-11-20 02:46:22.103
基湖路39號前,47,3,25.079642,121.564423,VSPRA40,4,2015-11-20 02:46:22.103
離中山橋上游約170公尺,44,3,25.071741,121.527246,VN0F0E1,23,2015-11-20 02:46:22.103
忠誠路一段98號前,16,6,25.105135,121.528083,VZAJE60,43,2015-11-20 02:46:22.103
離國興路1巷下游約60公尺,52,2,25.019913,121.504047,V4060G0,14,2015-11-20 02:46:22.103
仰德大道三段與永公路口往北約300M處(附掛路燈桿,65,2,25.115912,121.551104,V3UNW00,9,2015-11-20 02:46:22.103
入口匝道起點,0,1,25.069,121.528056,VN0F0E0,0,2015-11-20 02:46:22.103
離林森北路119巷下游約30公尺,0,1,25.050861,121.528056,VN2C0E0,0,2015-11-20 02:46:22.103
北投13號下匝道至出口處(高架式車輛偵測器,0,3,25.111403,121.498621,V8040A0,0,2015-11-20 02:46:22.103
新生北路二段28巷前,32,2,25.054056,121.527056,VN2C0E1,1,2015-11-20 02:46:22.103
杭州南路二段67之2號前,19,2,25.029636,121.52227,VHFHV00,1,2015-11-20 02:46:22.103
北投13號下匝道至出口處(北上中間段,87,3,25.116564,121.499922,V8040A1,9,2015-11-20 02:46:22.103
大度路二段立德路往東約300M,67,3,25.122434,121.47438,V58AH60,22,2015-11-20 02:46:22.103
離新生北路120巷下游約45公尺,73,1,25.049056,121.528861,VN2C0E2,5,2015-11-20 02:46:22.103
萬板橋橋上出城門架(環快上方,63,2,25.030509,121.488036,VGKBM20,14,2015-11-20 02:46:22.103
堤頂舊宗,73,2,25.059158,121.585173,V6150C1,12,2015-11-20 02:46:22.103
信義支線隧道內1+950,74,3,25.016175,121.578569,V9250A2,12,2015-11-20 02:46:22.103
堤頂舊宗,79,2,25.057204,121.581546,V6150C0,14,2015-11-20 02:46:22.103
起點端至忠孝橋下匝道,62,2,25.050717,121.506522,V5250E0,54,2015-11-20 02:46:22.103
民族東路10號對面人行道上,49,3,25.068561,121.523396,VQFHV60,19,2015-11-20 02:46:22.103
光復北路-富錦街口對面人行道上,23,2,25.060404,121.554473,VNXPC00,2,2015-11-20 02:46:22.103
光復南路35-1號前,45,4,25.046498,121.557622,VKLPX00,23,2015-11-20 02:46:22.103
中正路116號前,24,4,25.096059,121.528996,VWGIV60,5,2015-11-20 02:46:22.103
社中街與通河西街(環路線圈式車輛偵測器,68,3,25.092198,121.499525,V8010A1,21,2015-11-20 02:46:22.103
吉林路10巷上游5公尺,63,2,25.049492,121.528578,VN0B0E3,3,2015-11-20 02:46:22.103
0+535北側車道(一號隧道內,18,4,25.080533,121.610523,VTEZS61,1,2015-11-20 02:46:22.103
環河南路二段193號前,46,2,25.032466,121.49191,VHPBV00,8,2015-11-20 02:46:22.103
重慶北路三段199號前,0,6,25.069741,121.513767,VQGFY00,0,2015-11-20 02:46:22.103
市民大道四段與光復南路66巷口對面橋下,40,2,25.045067,121.556456,VK6NY60,19,2015-11-20 02:46:22.103
堤頂大道二段內湖污水處理場停車場出口右側,38,6,25.067351,121.572416,VPMSV40,11,2015-11-20 02:46:22.103
跨河段(高架式車輛偵測器,64,6,25.096662,121.49754,V8010A2,42,2015-11-20 02:46:22.103
金山南路二段55號前,53,4,25.032798,121.526911,VJSJD40,5,2015-11-20 02:46:22.103
匝道入口處,41,1,25.044167,121.530361,VN0B0E0,5,2015-11-20 02:46:22.103
離福和橋上游約200公尺,55,2,25.002966,121.535353,V42B0D0,8,2015-11-20 02:46:22.103
離濱江街上游約73公尺,63,1,25.071833,121.527194,VN2A0E0,14,2015-11-20 02:46:22.103
離松江路38巷上游約35公尺,3,1,25.046694,121.531083,VN0B0E1,2,2015-11-20 02:46:22.103
新生北路與市民大道路口東北端,49,2,25.046222,121.530639,VN0B0E2,35,2015-11-20 02:46:22.103
建國北路二段135號前,40,2,25.060386,121.537247,VNLKR60,18,2015-11-20 02:46:22.103
塔悠路201號前,35,6,25.058363,121.569093,VN7ST40,13,2015-11-20 02:46:22.103
西園路二段207號前,52,2,25.027169,121.494039,VGKCG20,3,2015-11-20 02:46:22.103
福國上匝道至北投13號下匝道,78,3,25.105245,121.499082,V8030A0,32,2015-11-20 02:46:22.103
社中街至通河西街,75,3,25.102158,121.498881,V8240E0,18,2015-11-20 02:46:22.103
匝道出口與平面銜接處,47,1,25.016247,121.496027,V40A2G0,2,2015-11-20 02:46:22.103
二高,74,2,25.058224,121.621751,V6180A2,3,2015-11-20 02:46:22.103
華江橋入口匝道起點,44,1,25.036387,121.491103,V5051A0,27,2015-11-20 02:46:22.103
二高,54,2,25.062013,121.617964,V6180A0,3,2015-11-20 02:46:22.103
二高,71,2,25.061087,121.619347,V6180A1,4,2015-11-20 02:46:22.103
光復路(仁愛-信義,44,2,25.036653,121.557632,VIKPW00,22,2015-11-20 02:46:22.103
忠孝東路四段76號前,51,3,25.041425,121.545449,VJHML20,33,2015-11-20 02:46:22.103
新光路二段動物園大門對面停車場入口旁,0,2,24.999185,121.580659,V2ZUI60,0,2015-11-20 02:46:22.103
辛亥路1段大學公園前(溫州街46巷向東,17,2,25.021908,121.532552,VF9KB20,2,2015-11-20 02:46:22.103
建國南路二段陽光加油站旁槽化島,33,3,25.030494,121.537464,VHMKW40,5,2015-11-20 02:46:22.103
承德路-後港街(鬍鬚張門口,33,3,25.081814,121.522764,VT6HS40,5,2015-11-20 02:46:22.103
民生東路一段53號前,46,3,25.058233,121.526038,VN5IG20,34,2015-11-20 02:46:22.103
舊宗路出城上匝道入口,58,2,25.058449,121.583653,V6151C0,6,2015-11-20 02:46:22.103
民生西路290號前,41,2,25.056934,121.512722,VMTG520,33,2015-11-20 02:46:22.103
八德路口西北端,52,2,25.044056,121.52975,VN2E0E0,8,2015-11-20 02:46:22.103
敦化北路102號前中央分隔島,34,2,25.05333333,121.5488889,VMCN800,2,2015-11-20 02:46:22.103
中正橋上匝道入口處,32,1,25.023076,121.516247,V4271C0,4,2015-11-20 02:46:22.103
堤頂大道二段285號前,29,2,25.078416,121.565796,VSPRA60,2,2015-11-20 02:46:22.103
內湖路(基湖路-港墘路,18,2,25.080648,121.573669,VT8SZ60,5,2015-11-20 02:46:22.103
和平西路二段90號對面人行道上 ,45,4,25.029585,121.511003,VGMFQ20,14,2015-11-20 02:46:22.103
桂林路49號前,46,1,25.038104,121.504102,VIME520,4,2015-11-20 02:46:22.103
忠孝西路27號前,44,2,25.048653,121.508287,VKXET60,12,2015-11-20 02:46:22.103
新生南路三段90號前,56,6,25.018104,121.533268,VF9KB00,40,2015-11-20 02:46:22.103
艋舺大道389號前槽化島上,37,3,25.031159,121.494075,VGBBW60,13,2015-11-20 02:46:22.103
1+360北側車道(二號隧道內,36,4,25.079295,121.617416,VSM4D61,2,2015-11-20 02:46:22.103
1+760北側車道(二號隧道內,32,4,25.079667,121.621314,VSM4D60,3,2015-11-20 02:46:22.103
成功路(文德路-金龍路,20,2,25.083065,121.593715,VTVXH20,4,2015-11-20 02:46:22.103
向陽路-南港車站間  路段間市民大道向陽路東側,16,5,25.05193889,121.5971778,VLXZ720,1,2015-11-20 02:46:22.103
富民街入口匝道起點,23,1,25.016518,121.496077,V4231C0,5,2015-11-20 02:46:22.103
民權出口匝道,61,1,25.060495,121.537278,V10D2A0,15,2015-11-20 02:46:22.103
林森北路7之2號前,16,2,25.045719,121.523606,VKII640,1,2015-11-20 02:46:22.103
市民大道三段232號對面橋下,41,2,25.044411,121.541072,VK8LT20,13,2015-11-20 02:46:22.103
承德路五段監理處前,33,6,25.095371,121.513963,VVVGB40,12,2015-11-20 02:46:22.103
民生東路三段65巷口,49,6,25.058077,121.541727,VMZLI20,17,2015-11-20 02:46:22.103
忠孝東路五段394號前,17,2,25.040764,121.574631,VJCTT20,8,2015-11-20 02:46:22.103
敦化北路236號前槽化島上,17,3,25.059629,121.549366,VNUNJ00,3,2015-11-20 02:46:22.103
松信路-虎林街北側市民大道松山車站機車地下停車場出入口北側,50,2,25.04946944,121.5741667,VL7SU60,2,2015-11-20 02:46:22.103
羅斯福路五段206-3號前,29,6,25.003018,121.538464,VB9L800,17,2015-11-20 02:46:22.103
辛亥隧道中段,57,2,25.01190278,121.5551056,VBWQ840,15,2015-11-20 02:46:22.103
復興南路二段345號前,37,4,25.023458,121.543299,VEWM500,10,2015-11-20 02:46:22.103
研究院路2段胡適國小停車場前,31,2,25.042825,121.616886,VJT4T00,2,2015-11-20 02:46:22.103
經貿舊宗,77,2,25.059021,121.605887,V6330G4,7,2015-11-20 02:46:22.103
經貿舊宗,73,2,25.060188,121.60958,V6330G3,9,2015-11-20 02:46:22.103
經貿舊宗,66,2,25.058393,121.598074,V6330G6,8,2015-11-20 02:46:22.103
吉林路51巷口左側人行道上,44,2,25.053741,121.529973,VLRJE00,20,2015-11-20 02:46:22.103
西園路與華江橋上匝道,47,3,25.036852,121.492492,V5050A0,13,2015-11-20 02:46:22.103
信義路一段5之1號前,31,4,25.036842,121.521963,VIBHV20,2,2015-11-20 02:46:22.103
經貿舊宗,77,2,25.058576,121.602108,V6330G5,8,2015-11-20 02:46:22.103
經貿舊宗,36,3,25.063563,121.614463,V6330G0,12,2015-11-20 02:46:22.103
長安東路一段18號前,42,2,25.049411,121.52386,VL6IA60,51,2015-11-20 02:46:22.103
經貿舊宗,70,2,25.061131,121.610833,V6330G2,8,2015-11-20 02:46:22.103
長春路251號前,32,2,25.054662,121.539859,VMDL800,25,2015-11-20 02:46:22.103
離匝道端下游約75公尺,58,1,25.039185,121.496634,V52H2E0,28,2015-11-20 02:46:22.103
松江路518號,35,6,25.066361,121.532882,VQEJY00,18,2015-11-20 02:46:22.103
堤頂大道二段251號前,78,2,25.078168,121.56642,VS7SN60,7,2015-11-20 02:46:22.103
安和路二段181巷口,59,2,25.027526,121.549272,VFNNH40,13,2015-11-20 02:46:22.103
離新生北路二段62巷上游約5公尺,66,1,25.056583,121.527444,VN2B0E0,3,2015-11-20 02:46:22.103
中正橋入城門架CCTV桿,71,4,25.021654,121.516734,VFDGP01,48,2015-11-20 02:46:22.103
忠孝東路一段148號前,44,6,25.043923,121.526126,VK5IE20,22,2015-11-20 02:46:22.103
林森北路348號前,31,1,25.057107,121.525359,VN5IG00,25,2015-11-20 02:46:22.103
信義五段-莊敬路往東,42,3,25.032883,121.560216,VHKQP20,12,2015-11-20 02:46:22.103
民權東路六段203巷口往西30M,37,4,25.067213,121.600575,VQKWL61,20,2015-11-20 02:46:22.103
復興北路隧道東側隧道頂板二車道主線0K+740公尺處,71,2,25.068872,121.544966,VM010A2,5,2015-11-20 02:46:22.103
忠孝東-延吉街 往西,61,4,25.041503,121.553506,VJFPW60,26,2015-11-20 02:46:22.103
離新生北路二段141巷下游約10公尺,68,2,25.062167,121.527222,VN2B0E3,6,2015-11-20 02:46:22.103
新生北路三段84巷前方,60,2,25.067444,121.527778,VN2B0E2,10,2015-11-20 02:46:22.103
松壽-市府 往西,28,5,25.035801,121.564639,VI9R760,25,2015-11-20 02:46:22.103
入口匝道起點,53,1,25.067611,121.527833,VN2B0E1,2,2015-11-20 02:46:22.103
南京下與南京上匝道,88,3,25.057353,121.537214,V1050A0,33,2015-11-20 02:46:22.103
和平東路三段2號前,54,2,25.024619,121.546663,VFPMQ20,14,2015-11-20 02:46:22.103
研究院路2段胡適公園前,31,1,25.040213,121.617498,VJM4U00,3,2015-11-20 02:46:22.103
和平東路二段88號前,10,6,25.025224,121.539353,VFTLH60,3,2015-11-20 02:46:22.103
南京出口匝道,66,1,25.049662,121.537052,V10E2A0,14,2015-11-20 02:46:22.103
林森北路414號前,26,1,25.059436,121.525439,VNKIG00,30,2015-11-20 02:46:22.103
忠孝東-松信往東,34,3,25.040693,121.569685,VJDST20,12,2015-11-20 02:46:22.103
杭州南路二段53-4號對面槽化島上,15,3,25.032803,121.522828,VHFHU00,1,2015-11-20 02:46:22.103
長安西路88號對面人行道上,42,2,25.050592,121.519138,VLGGY60,15,2015-11-20 02:46:22.103
重慶北路三段31號前,39,6,25.065237,121.513668,VPJFZ00,16,2015-11-20 02:46:22.103
民權東路三段49號,35,3,25.06246667,121.5428,VMZL961,4,2015-11-20 02:46:22.103
民生東路三段19號前,46,6,25.058144,121.538139,VMZL960,20,2015-11-20 02:46:22.103
大業路出口前,38,2,25.121403,121.499554,V8050A0,7,2015-11-20 02:46:22.103
研究院路3段221號對面人行道上,0,1,25.033549,121.611271,VHM3N40,0,2015-11-20 02:46:22.103
大度路(立德路-大度路二段,42,3,25.122709,121.473083,V5B2R20,32,2015-11-20 02:46:22.103
松江路74巷口  松江路100巷口南側人行道,60,6,25.05090833,121.5329083,VLRJX00,33,2015-11-20 02:46:22.103
西藏路424號對面人行道上,44,4,25.02927,121.497337,VGKCG60,7,2015-11-20 02:46:22.103
民權東路出口匝道,58,1,25.022857,121.537302,V12B2E0,19,2015-11-20 02:46:22.103
敦化南路二段與和平東路三段口西北側槽化島,47,4,25.024821,121.548289,VFNN700,15,2015-11-20 02:46:22.103
忠孝東-松仁往東,39,6,25.040996,121.56608,VJES820,36,2015-11-20 02:46:22.103
成功路(康湖路-康寧路三段,52,2,25.080915,121.607137,VSHZU60,8,2015-11-20 02:46:22.103
長春路上匝道,63,1,25.053979,121.536526,V1231E0,13,2015-11-20 02:46:22.103
長安東路一段42號前,53,2,25.048578,121.527048,VKVJB60,39,2015-11-20 02:46:22.103
中山北路-通河街口(育樂中心對面,56,3,25.082344,121.525097,VSVI940,18,2015-11-20 02:46:22.103
桂林路136號對面(華西公園前,32,2,25.038574,121.498693,VIQDB00,16,2015-11-20 02:46:22.103
至善路一段軍方電台前(234號燈桿旁,29,6,25.097081,121.540967,VWRLS20,7,2015-11-20 02:46:22.103
龍江路345巷口(往北約25M靠公園邊,45,2,25.063659,121.540969,VNZLJ40,14,2015-11-20 02:46:22.103
市高新生西側往西,63,3,25.047444,121.52619,V03D0G0,29,2015-11-20 02:46:22.103
北安路520號對面人行道,25,4,25.080036,121.545819,VSWMR40,15,2015-11-20 02:46:22.103
民權東路上匝道,47,1,25.065501,121.535951,V1221E0,8,2015-11-20 02:46:22.103
市高林森西側往西,71,3,25.047978,121.523041,V03D0G1,73,2015-11-20 02:46:22.103
辛亥路3段台大工程研究所旁,64,2,25.020382,121.545,VEWM560,10,2015-11-20 02:46:22.103
南京上匝道,51,1,25.052406,121.537054,V1051A1,13,2015-11-20 02:46:22.103
市高中山西側往西,0,3,25.04849,121.518802,V03D0G2,0,2015-11-20 02:46:22.103
長春路138號前,50,2,25.05472,121.531276,VMDL820,28,2015-11-20 02:46:22.103
松江/新生南路一段(忠孝-仁愛,0,2,25.04024,121.53284,VJWJ740,0,2015-11-20 02:46:22.103
和平東路一段71號前,0,6,25.027117,121.524835,VFZK620,0,2015-11-20 02:46:22.103
松德路出口匝道0+060,48,1,25.032181,121.571953,VGYS7A1,7,2015-11-20 02:46:22.103
和平東路三段234號前,13,2,25.022071,121.554648,VEZPT20,4,2015-11-20 02:46:22.103
往松仁路出口匝道3+970,43,2,25.032244,121.571717,VGYS7A0,5,2015-11-20 02:46:22.103
民權東路二段54號前,36,4,25.062414,121.530774,VP6JY60,25,2015-11-20 02:46:22.103
堤頂大道二段與舊宗路二段路口槽化島,32,6,25.072503,121.573094,VRPSV00,13,2015-11-20 02:46:22.103
離青年路下游235公尺,64,3,25.023776,121.514744,V4250B0,17,2015-11-20 02:46:22.103
舊宗路二段121巷口左側人行道上,35,4,25.069229,121.574684,VQRTE00,11,2015-11-20 02:46:22.103
離出口匝道鼻端下游50公尺,53,1,25.019775,121.52308,V42I2E0,5,2015-11-20 02:46:22.103
市民大道三段與八德路二段88巷口,62,2,25.044972,121.535773,VK9KC60,12,2015-11-20 02:46:22.103
匝道出口處與平面銜接處,24,2,25.02083,121.548331,VEFM0C0,3,2015-11-20 02:46:22.103
瑞光路390號車道出口對面人行道上,17,2,25.077935,121.571622,VSNRE00,5,2015-11-20 02:46:22.103
基隆路-松壽 往北,90,2,25.033686,121.560547,VI9QP10,8,2015-11-20 02:46:22.103
西寧南路與洛陽街口,39,2,25.047274,121.507409,VKJEP40,8,2015-11-20 02:46:22.103
基隆路-松壽 往北,70,2,25.036191,121.561777,VI9QP11,14,2015-11-20 02:46:22.103
基隆路-松壽 往北,42,5,25.035352,121.561496,VI9QP12,21,2015-11-20 02:46:22.103
市民大道二段與長安東路一段52巷口往西40M處(橋下,43,2,25.047305,121.527022,VKSIE60,13,2015-11-20 02:46:22.103
離入口匝道鼻端上游100公尺,54,2,25.015495,121.525638,V4290C0,12,2015-11-20 02:46:22.103
長春路198號對面,25,2,25.05466,121.535577,VMEKD00,10,2015-11-20 02:46:22.103
光復北路127號前,34,3,25.052396,121.556925,VLNPU40,8,2015-11-20 02:46:22.103
信義下與和平下匝道,83,3,25.037325,121.538247,V1280E0,33,2015-11-20 02:46:22.103
中山北路三段51號前,55,4,25.068202,121.52276,VQFHV41,12,2015-11-20 02:46:22.103
北13福國,0,3,25.105833,121.498727,V8230E1,0,2015-11-20 02:46:22.103
民生東路一段9號前,38,3,25.058233,121.523412,VN5HV61,40,2015-11-20 02:46:22.103
基湖路122號-158號(煙波巴洛克大樓對面人行道,40,2,25.077777,121.563215,VRKQZ40,2,2015-11-20 02:46:22.103
民生西路24號前,56,2,25.057778,121.522012,VN5HV60,28,2015-11-20 02:46:22.103
淡北三,57,3,25.111386,121.498442,V8220E2,22,2015-11-20 02:46:22.103
忠孝東路三段174號前,54,6,25.041577,121.538404,VJHKR21,31,2015-11-20 02:46:22.103
淡北一,63,2,25.119073,121.499832,V8220E0,17,2015-11-20 02:46:22.103
中正山岔路口,0,2,25.177392,121.533362,V9HKV40,0,2015-11-20 02:46:22.103
西園路2段68號前,21,6,25.031664,121.49699,VGKCG40,15,2015-11-20 02:46:22.103
南京東路2段98號中央分隔島(往東,0,3,25.051996,121.531597,VLRJX20,0,2015-11-20 02:46:22.103
鄭州路81號對面橋下,46,2,25.049624,121.511958,VLXFX20,19,2015-11-20 02:46:22.103
明水路604號對面人行道上,42,4,25.081787,121.550991,VT9NN00,7,2015-11-20 02:46:22.103
建國南路二段市立圖書館前,54,2,25.029137,121.538082,VFVKW40,6,2015-11-20 02:46:22.103
信義路(新生至建國,22,3,25.033563,121.536082,VHMKV20,4,2015-11-20 02:46:22.103
市民大道四段169號對面橋下,38,2,25.044474,121.550993,VK6P820,18,2015-11-20 02:46:22.103
忠孝東路七段487巷對面,26,2,25.052556,121.611417,VLY4920,1,2015-11-20 02:46:22.103
和平東路二段134號之4號前,57,2,25.02479,121.544266,VFQM660,10,2015-11-20 02:46:22.103
重慶南路一段法務部對面人行道,33,4,25.036748,121.51246,VHYFT00,3,2015-11-20 02:46:22.103
市民麥二,48,2,25.051468,121.570825,V6120C0,41,2015-11-20 02:46:22.103
忠孝東路五段416號前,41,3,25.041088,121.57491,VJCTT60,25,2015-11-20 02:46:22.103
羅斯福路上匝道,62,1,25.016685,121.543824,V2321G0,4,2015-11-20 02:46:22.103
基隆路(永吉-松隆,35,3,25.044956,121.566585,VJVRL40,27,2015-11-20 02:46:22.103
離汀州路三段24巷上游約48公尺,64,3,25.009997,121.530885,V42A0D0,31,2015-11-20 02:46:22.103
泉州街入口匝道起點,51,1,25.023662,121.511246,V4261E0,7,2015-11-20 02:46:22.103
仁愛路四段-國父紀念館門口旁,56,2,25.03773056,121.5590917,VIKPW61,5,2015-11-20 02:46:22.103
復興北路168號前,40,6,25.0537,121.54368,VMQMV00,25,2015-11-20 02:46:22.103
辛亥隧道中段,57,2,25.01284722,121.5546222,VDENZ00,15,2015-11-20 02:46:22.103
離富民街上游60公尺,41,3,25.017995,121.500777,V4230B0,12,2015-11-20 02:46:22.103
華中橋東端,55,2,25.022879,121.491604,V4080G0,7,2015-11-20 02:46:22.103
水源快往中正橋方向出口旁,57,1,25.02049,121.52449,VE7GH40,9,2015-11-20 02:46:22.103
吉林路新生北路3段25巷口,41,2,25.064512,121.529871,VPLJF00,7,2015-11-20 02:46:22.103
和平西路一段77號前,21,4,25.026825,121.518086,VG8IK60,8,2015-11-20 02:46:22.103
民權上與長春上匝道,88,3,25.063663,121.537301,V1230E0,45,2015-11-20 02:46:22.103
和平西路二段150-1號前,12,2,25.032797,121.505765,VHHEF20,1,2015-11-20 02:46:22.103
頂湖入口,0,2,25.173857,121.538318,V9FKW40,0,2015-11-20 02:46:22.103
龍江路53號前,23,2,25.049523,121.54049,VLQLI00,14,2015-11-20 02:46:22.103
市民大道一段與中山北路口往西146M處(橋下,18,2,25.048173,121.519008,VKVHI20,8,2015-11-20 02:46:22.103
承德路七段與承德路七段166巷口對面人行道,42,4,25.113485,121.507683,V36F660,27,2015-11-20 02:46:22.103
大度路二段貴子坑溪堤防往西約300M,59,3,25.121963,121.483016,V5B2R60,21,2015-11-20 02:46:22.103
健康路國軍松山醫院 側門左側人行道,34,2,25.054603,121.555904,VM7PP00,5,2015-11-20 02:46:22.103
長安西路158號前,42,2,25.051091,121.516038,VLKGF40,11,2015-11-20 02:46:22.103
中華路二段386號前,37,2,25.028631,121.504984,VG7EQ00,15,2015-11-20 02:46:22.103
林森北路487號前,37,1,25.060852,121.525693,VNKIG40,21,2015-11-20 02:46:22.103
忠誠路二段126號前,51,6,25.113824,121.531888,V37JI40,10,2015-11-20 02:46:22.103
民權東路四段36號(軍營左側,46,3,25.061541,121.552318,VNZQA20,19,2015-11-20 02:46:22.103
松仁-松高 往北,52,6,25.040001,121.568711,VIVS602,40,2015-11-20 02:46:22.103
忠孝橋下與忠孝橋上匝道,70,2,25.038998,121.49588,V5260E0,42,2015-11-20 02:46:22.103
仁愛四段-基隆一段往東,36,4,25.037619,121.558989,VIKQP20,4,2015-11-20 02:46:22.103
辛亥路5段53號前,52,2,24.997496,121.552408,VAGPE40,5,2015-11-20 02:46:22.103
長安上與忠孝下匝道,85,3,25.047107,121.536991,V1250E0,37,2015-11-20 02:46:22.103
建國北路一段71號前,28,3,25.051189,121.536801,VLAKQ20,16,2015-11-20 02:46:22.103
松江/新生南路一段(忠孝-仁愛,21,2,25.040099,121.532824,VJWJ700,1,2015-11-20 02:46:22.103
離永福橋上游50公尺,65,2,25.015829,121.525659,V4040H1,18,2015-11-20 02:46:22.103
經貿出入,66,2,25.063546,121.614195,V6170C1,8,2015-11-20 02:46:22.103
環河北路三段與葫蘆街口槽化島上,46,3,25.082718,121.507635,VU8EF00,23,2015-11-20 02:46:22.103
港墘路149號對面人行道上,53,2,25.077614,121.575328,VSKTL00,4,2015-11-20 02:46:22.103
重陽路66號前,67,2,25.05863,121.608799,VND3C20,9,2015-11-20 02:46:22.103
民族西路179號前,64,2,25.068755,121.514407,VQGGJ20,6,2015-11-20 02:46:22.103
離入口匝道鼻端上游100公尺,35,1,25.047744,121.504637,V5261F0,32,2015-11-20 02:46:22.103
基隆路-松隆路 往北,27,2,25.042966,121.565494,VJVRL10,16,2015-11-20 02:46:22.103
基隆路-29巷 往南,51,3,25.029057,121.557444,VGTPW50,30,2015-11-20 02:46:22.103
重慶南路一段93號前,22,3,25.042813,121.513129,VJTFX00,4,2015-11-20 02:46:22.103
北安路77巷口右側,25,2,25.077977,121.528521,VSJJX20,42,2015-11-20 02:46:22.103
基隆路-松隆路 往北,71,2,25.043154,121.565951,VJVRL11,8,2015-11-20 02:46:22.103
敦化南路二段與四維路154巷口槽化島上     ,32,4,25.030832,121.548563,VGHN840,13,2015-11-20 02:46:22.103
明水路417號前,67,3,25.077519,121.547879,VSEMV60,14,2015-11-20 02:46:22.103
興隆路4段木柵游泳池旁(107巷對面,62,2,24.987137,121.560662,V1NQM40,7,2015-11-20 02:46:22.103
基隆路-松高 往南,50,2,25.039687,121.563576,VIKQU50,6,2015-11-20 02:46:22.103
市民大道三段17號對面橋下,67,2,25.045657,121.531059,VKJJP20,26,2015-11-20 02:46:22.103
社中街與通河西街間 (環路線圈式車輛偵測器,65,3,25.092189,121.499247,V8250E1,21,2015-11-20 02:46:22.103
福國社中一,28,4,25.09763,121.497524,V8250E0,3,2015-11-20 02:46:22.103
八德路一段43巷口,53,2,25.044283,121.531449,VJTJ960,3,2015-11-20 02:46:22.103
建國北路三段90號前,21,2,25.066326,121.534884,VPHKR40,4,2015-11-20 02:46:22.103
南京西路205號前,53,2,25.053907,121.511005,VM7FI60,2,2015-11-20 02:46:22.103
忠孝東路二段34號前,50,3,25.043593,121.527452,VJTJ820,20,2015-11-20 02:46:22.103
離德昌街下游120公尺,97,3,25.016384,121.49569,V4210D0,51,2015-11-20 02:46:22.103
和平東路一段129號師大宿舍大樓前,51,6,25.026417,121.528935,VG6J520,62,2015-11-20 02:46:22.103
復興北路隧道西側隧道頂板二車道主線0K+740公尺處,91,2,25.07043,121.543566,VM210E2,4,2015-11-20 02:46:22.103
松江路366號前,33,3,25.06199,121.533161,VP6JY40,12,2015-11-20 02:46:22.103
中山北路三段62號圓山派出所旁燈桿,47,4,25.073033,121.523875,VRNIF00,12,2015-11-20 02:46:22.103
民生東路二段149號前,44,6,25.058155,121.535067,VN5JX20,44,2015-11-20 02:46:22.103
出口匝道鼻端處,49,1,25.046132,121.502816,V52J2E0,2,2015-11-20 02:46:22.103
濟南路二段50號對面人行道,35,2,25.040492,121.531413,VJWJ720,7,2015-11-20 02:46:22.103
民生東路五段82號前,56,2,25.058466,121.558558,VN9PZ60,7,2015-11-20 02:46:22.103
中正路百齡橋頭中央分隔島號誌(往士林方向,57,4,25.088343,121.511909,VV9GE20,22,2015-11-20 02:46:22.103
華中橋出城(萬大路,45,2,25.020129,121.497778,VENCU40,17,2015-11-20 02:46:22.103
長春上與長安上匝道,69,3,25.051768,121.536466,V1240E0,32,2015-11-20 02:46:22.103
復興南路一段103號前,28,6,25.044085,121.543747,VJHM700,12,2015-11-20 02:46:22.103
瑞光路與瑞光路120巷1-20號(嘉新尊皇,70,2,25.07252,121.580379,VRGUF00,7,2015-11-20 02:46:22.103
溪州街123巷口(上層,53,3,24.992049,121.533413,V42C0E0,18,2015-11-20 02:46:22.103
研究院路2段35號前,39,1,25.045685,121.615167,VKP4L00,1,2015-11-20 02:46:22.103
忠孝東路六段378號前,40,4,25.049931,121.592136,VLEWX20,12,2015-11-20 02:46:22.103
水源路11-1號天橋旁自立桿,36,2,25.013938,121.533974,VDTJT00,6,2015-11-20 02:46:22.103
忠誠路一段147巷對面人行道,40,3,25.106692,121.529547,VYLJ620,7,2015-11-20 02:46:22.103
龍江路149巷口對面,39,2,25.053685,121.540578,VLQLI40,8,2015-11-20 02:46:22.103
麥二舊宗,52,2,25.054525,121.57639,V6140C0,16,2015-11-20 02:46:22.103
愛國東路72號對面人行道上,0,2,25.033735,121.519711,VHSH560,0,2015-11-20 02:46:22.103
麥二舊宗,72,2,25.054569,121.576598,V6140C1,18,2015-11-20 02:46:22.103
水源與辛亥下匝道,73,2,25.016685,121.543824,V2110C0,21,2015-11-20 02:46:22.103
水源快-往南下新店端終點,75,3,24.993328,121.53415,V1VJK40,28,2015-11-20 02:46:22.103
重慶北路四段108號前,40,6,25.082628,121.512571,VTGFS00,19,2015-11-20 02:46:22.103
西藏路261號前,21,2,25.028561,121.49349,VGIBX60,1,2015-11-20 02:46:22.103
木柵路一段68之2號前,37,4,24.987102,121.548132,V1NMM20,16,2015-11-20 02:46:22.103
辛亥路7段86巷旁公園前,44,2,24.980969,121.55377,V1CPB00,17,2015-11-20 02:46:22.103
中山北路圓山保齡球館前,39,5,25.08244167,121.525375,VTTIF00,10,2015-11-20 02:46:22.103
中山北路五段報恩寺前(槽化島,41,4,25.084975,121.525637,VU5IF00,32,2015-11-20 02:46:22.103
離出口匝道鼻端下游100公尺,77,1,25.027247,121.48961,V42K2C1,28,2015-11-20 02:46:22.103
辛亥路入口匝道下游,71,3,25.02038,121.530494,V3320G0,19,2015-11-20 02:46:22.103
離出口匝道鼻端下游30公尺,46,1,25.019073,121.493273,V42K2C0,2,2015-11-20 02:46:22.103
承德路三段270號前,33,6,25.073605,121.518997,VRTHD40,8,2015-11-20 02:46:22.103
萬芳交流道信義支線入口0+460,66,2,25.003485,121.579757,V9010A0,5,2015-11-20 02:46:22.103
成功路二段380號旁,35,4,25.07057,121.589648,VQKWL00,24,2015-11-20 02:46:22.103
向陽路80號圍牆邊 ,39,4,25.053323,121.595016,VMDXF00,4,2015-11-20 02:46:22.103
南港路三段266號對面人行道上,35,4,25.052274,121.583991,VMBWS20,13,2015-11-20 02:46:22.103
二高南湖,64,3,25.058287,121.62187,V6310G0,5,2015-11-20 02:46:22.103
忠孝橋接環快往南方向入口匝道起點,60,1,25.049192,121.506387,V5261E0,6,2015-11-20 02:46:22.103
辛亥路1段139巷公園前,27,3,25.022684,121.532575,VF9KB60,3,2015-11-20 02:46:22.103
匝道平面,60,1,25.062934,121.615976,V6171C1,3,2015-11-20 02:46:22.103
市高光復西側往東,75,2,25.045028,121.557377,V0160C0,31,2015-11-20 02:46:22.103
仁愛四段-延吉街往東,43,4,25.03752,121.553964,VILPI20,6,2015-11-20 02:46:22.103
出城經貿上匝道,61,2,25.06115,121.619397,V6171C0,3,2015-11-20 02:46:22.103
和平東路三段425號前,18,2,25.019224,121.557845,VEUPN60,3,2015-11-20 02:46:22.103
匝道匯入主線鼻端處,34,1,25.045137,121.501415,V5271E0,6,2015-11-20 02:46:22.103
離西園路72巷下游約55公尺,74,2,25.021832,121.491749,V52D0E0,34,2015-11-20 02:46:22.103
民權東路三段142號對面人行道上,28,6,25.062302,121.54681,VNUNJ20,18,2015-11-20 02:46:22.103
忠孝東路二段128號前,18,6,25.042733,121.53065,VJQJI20,9,2015-11-20 02:46:22.103
重慶北三段250號之3,41,2,25.071176,121.513545,VQGFY41,3,2015-11-20 02:46:22.103
基隆路一段興雅路與松高路間(門架式,0,2,25.040507,121.563858,VJERC00,0,2015-11-20 02:46:22.103
敦化南路一段238巷口前槽化島上,0,4,25.039789,121.548455,VJGN700,4,2015-11-20 02:46:22.103
濱江下與圓山出口端,64,2,25.063963,121.536827,V1080A0,33,2015-11-20 02:46:22.103
環河北路三段與葫蘆街口槽化島上,45,4,25.082664,121.507387,VU8EF40,14,2015-11-20 02:46:22.103
羅斯福路四段85號前,3,6,25.012857,121.536327,VDTJW00,14,2015-11-20 02:46:22.103
市民大道四段京華城對面人行道,45,2,25.046939,121.562282,VKXRL60,8,2015-11-20 02:46:22.103
南港路二段120號對面人行道上,53,2,25.053548,121.601856,VE4A420,5,2015-11-20 02:46:22.103
建高銜接處至辛亥路上匝道,99,2,25.021998,121.532522,V3310G0,10,2015-11-20 02:46:22.103
基隆路一段172巷口(門架式,58,2,25.043156,121.565237,VJERC40,13,2015-11-20 02:46:22.103
重慶北路三段124號,47,6,25.06736111,121.5136361,VQGFY01,13,2015-11-20 02:46:22.103
金湖路268號前,0,2,25.075434,121.601269,VSQYA00,0,2015-11-20 02:46:22.103
杭州南路一段63號對面人行道,46,2,25.040467,121.525744,VJ7II00,4,2015-11-20 02:46:22.103
三民路84號對面人行道上,50,2,25.056443,121.563574,VMTR600,6,2015-11-20 02:46:22.103
金山南路二段200號前,46,4,25.027743,121.526493,VG8IK40,12,2015-11-20 02:46:22.103
仁愛路三段123巷前槽化島上,24,4,25.038234,121.54164,VINLD61,3,2015-11-20 02:46:22.103
辛亥路往西入口匝道,56,1,25.022219,121.533742,V3311G0,2,2015-11-20 02:46:22.103
市民大道二段與長安東路一段52巷口往西40M處(橋下,42,2,25.046899,121.526921,VKNIV20,10,2015-11-20 02:46:22.103
堤頂上匝道入口,52,1,25.063234,121.572446,V6141E0,1,2015-11-20 02:46:22.103
松高路-興雅路 往西,49,6,25.039187,121.564436,VIWR760,53,2015-11-20 02:46:22.103
仁愛路四段345巷,61,2,25.03783889,121.5539278,VILNY60,3,2015-11-20 02:46:22.103
華翠橋(艋舺大道與長順街口,47,2,25.02999,121.492772,VGBBW20,20,2015-11-20 02:46:22.103
莒光路282號對面人行道,24,2,25.03108,121.498772,VH6CN60,3,2015-11-20 02:46:22.103
敦化北路133號前槽化島上,71,2,25.053031,121.548821,VLPN800,7,2015-11-20 02:46:22.103
仰德大道一段與仰德大道二段口(附掛號誌燈桿,45,2,25.101943,121.53958,VXSLB20,13,2015-11-20 02:46:22.103
林森南路8巷口,39,2,25.043103,121.52302,VJMHU00,3,2015-11-20 02:46:22.103
羅斯福路五段65號前水泥桿(檳榔攤前CCTV桿,54,4,25.006547,121.538831,VCCKW00,33,2015-11-20 02:46:22.103
指南路三段指南國小往南約60M處(附掛號誌燈桿,16,2,24.977136,121.583398,V0UVS20,1,2015-11-20 02:46:22.103
至善路二段431號對面人行道上,50,2,25.108413,121.557436,VZKPR20,5,2015-11-20 02:46:22.103
民生東路五段272號前,0,2,25.059145,121.56757,VNES600,0,2015-11-20 02:46:22.103
仁愛路上匝道,40,1,25.038707,121.538005,V1021A0,8,2015-11-20 02:46:22.103
安和路二段40號前,26,2,25.031604,121.552332,VHLNV00,5,2015-11-20 02:46:22.103
民生東路二段101號前,44,3,25.058162,121.530835,VN8PT60,33,2015-11-20 02:46:22.103
長安東路上匝道,35,2,25.048436,121.536492,V1241E0,12,2015-11-20 02:46:22.103
中山北路六段328號對面人行道上,29,4,25.111526,121.525721,V3AIL00,9,2015-11-20 02:46:22.103
辛亥路3段117號前,37,3,25.016379,121.548361,VEFMN60,15,2015-11-20 02:46:22.103
建國南路一段(八德市場10號對面,38,1,25.045663,121.536856,VGLKW40,9,2015-11-20 02:46:22.103
光復橋(靠西園路二段372巷橋上,51,4,25.025074,121.491464,VFWBS00,25,2015-11-20 02:46:22.103
內湖路一段一巷口號誌桿上,42,3,25.084908,121.558413,VTXQJ20,14,2015-11-20 02:46:22.103
舊宗路二段213巷口對面槽化島上,23,2,25.073696,121.572762,VRPSV70,3,2015-11-20 02:46:22.103
市高安東西側往東,76,2,25.044501,121.541152,V0140C1,28,2015-11-20 02:46:22.103
市高光華橋東側往東,80,2,25.045243,121.533108,V0140C0,35,2015-11-20 02:46:22.103
建國南路一段275號前,17,2,25.036522,121.538303,VINKW00,1,2015-11-20 02:46:22.103
明水路大直橋往西約130M處,69,2,25.077681,121.542933,VSGLN60,5,2015-11-20 02:46:22.103
承德路一段77-1號前,39,6,25.052341,121.51743,VLYGU40,12,2015-11-20 02:46:22.103
艋舺大道76號前,42,4,25.033466,121.5033,VHPEB20,4,2015-11-20 02:46:22.103
八德路二段29號對面,39,2,25.044475,121.533412,VK7K820,2,2015-11-20 02:46:22.103
木柵路四段29號前,63,2,24.993713,121.571608,V2LSS20,3,2015-11-20 02:46:22.103
華江橋上與貴陽街下,77,2,25.04074,121.498692,V5060B0,24,2015-11-20 02:46:22.103
成都路96號前,45,2,25.043133,121.503904,VJPEI60,24,2015-11-20 02:46:22.103
麥二舊宗,66,2,25.053341,121.574273,V6130C0,24,2015-11-20 02:46:22.103
民權東路四段光復北路口往西約35M處,58,3,25.062022,121.554164,VNZM960,6,2015-11-20 02:46:22.103
中山北路二段113號前,22,4,25.060708,121.522947,VNLHV00,24,2015-11-20 02:46:22.103
中興橋(成都路與康定路口,32,4,25.04305,121.501852,VJUDT20,12,2015-11-20 02:46:22.103
林森北路15號公園前,31,4,25.053161,121.525442,VLRIF40,81,2015-11-20 02:46:22.103
西藏路33號前,8,4,25.030521,121.506478,VGYER20,5,2015-11-20 02:46:22.103
正氣橋接基隆路出口,51,2,25.047164,121.567941,V6380E0,18,2015-11-20 02:46:22.103
經貿二路88巷口往南26M處(附掛路燈,33,3,25.057217,121.616532,VMV4U41,4,2015-11-20 02:46:22.103
辛亥路3段司法官訓練所前槽化島上,42,2,25.019582,121.546581,VEFMN20,8,2015-11-20 02:46:22.103
重慶北路四段15號對面人行道,44,6,25.080341,121.513464,VT9FV00,27,2015-11-20 02:46:22.103
南京上與民權下匝道,84,3,25.04924,121.536465,V1060A0,36,2015-11-20 02:46:22.103
市高台鐵機場往西,74,2,25.045234,121.560183,V0390G0,33,2015-11-20 02:46:22.103
入口匝道起點,45,1,25.047972,121.529528,VN2D0E1,3,2015-11-20 02:46:22.103
離市民大道上游約18公尺,58,3,25.046889,121.530611,VN2D0E2,15,2015-11-20 02:46:22.103
離市民大道下游約85公尺,57,1,25.046,121.530639,VN2D0E0,10,2015-11-20 02:46:22.103
福和橋(基隆路三段與汀州路三段口,42,2,25.011386,121.536192,VCNKM20,11,2015-11-20 02:46:22.103
市高新生西側往東,79,3,25.047263,121.52615,V0130A1,45,2015-11-20 02:46:22.103
新光路一段140號前,29,4,24.990436,121.573901,V1TT960,5,2015-11-20 02:46:22.103
林森北路661號前,46,1,25.06766,121.525385,VPYIH40,6,2015-11-20 02:46:22.103
成功路(文德路-金龍路,45,2,25.07997,121.590038,VSSWC60,5,2015-11-20 02:46:22.103
市高中山西側往東,75,3,25.048309,121.518761,V0130A0,54,2015-11-20 02:46:22.103
中山北路六段日僑學校,31,2,25.11713,121.528918,V4NJD00,3,2015-11-20 02:46:22.103
八德路四段135號前,25,3,25.048775,121.562072,VKZQW20,14,2015-11-20 02:46:22.103
重慶北路一段92號前,46,2,25.053013,121.513717,VLMG600,6,2015-11-20 02:46:22.103
中山北路一段107號前,68,4,25.05116,121.522044,VLRHT00,21,2015-11-20 02:46:22.103
忠孝下與仁愛下匝道,74,3,25.044995,121.536972,V1260E0,30,2015-11-20 02:46:22.103
忠孝東路六段40號前,28,4,25.045805,121.583048,VKCUX20,12,2015-11-20 02:46:22.103
鄭州路81號對面橋下,44,2,25.049976,121.512089,VLAFP60,18,2015-11-20 02:46:22.103
長春路34號對面人行道上,47,2,25.054995,121.525132,VMFIG20,31,2015-11-20 02:46:22.103
健康路305號前,40,4,25.054324,121.565249,VM8PX60,46,2015-11-20 02:46:22.103
光復南-信義往南,43,2,25.034763,121.55741,VHKPV40,8,2015-11-20 02:46:22.103
樂群一路與基湖路口往西約140公尺(堤防里程15K+750,27,2,25.076159,121.561563,VSDPM60,5,2015-11-20 02:46:22.103
敦化南路一段5號前槽化島上,32,4,25.047099,121.549032,VKWN800,5,2015-11-20 02:46:22.103
基隆路-忠孝東 往南,88,2,25.041469,121.564972,VJERC51,8,2015-11-20 02:46:22.103
新生南路三段12號前,0,6,25.024879,121.534665,VFYKD40,0,2015-11-20 02:46:22.103
重慶南路二段8巷口,0,4,25.033841,121.512676,VHBGA01,0,2015-11-20 02:46:22.103
基隆路-忠孝東 往南,70,2,25.040857,121.564444,VJERC52,14,2015-11-20 02:46:22.103
新生南路二段74號前,43,4,25.027606,121.534657,VFYKD41,25,2015-11-20 02:46:22.103
木柵路五段21巷往東120mM處,65,2,25.002438,121.582021,VAWVC20,8,2015-11-20 02:46:22.103
重慶南路二段74號前,49,4,25.031325,121.5143,VHBGA00,31,2015-11-20 02:46:22.103
信義支線隧道內2+020,56,3,25.01701,121.579514,V9030A2,6,2015-11-20 02:46:22.103
基隆路-忠孝東 往南,68,2,25.043326,121.565635,VJERC50,13,2015-11-20 02:46:22.103
承德路二段188號前,49,6,25.061494,121.517806,VP8GX40,27,2015-11-20 02:46:22.103
忠孝東路一段12號對面人行道上,36,6,25.045273,121.522177,VKAHN20,29,2015-11-20 02:46:22.103
西寧南路173號前,36,2,25.042935,121.50644,VJPEI40,21,2015-11-20 02:46:22.103
承德路三段22號前,41,3,25.06414722,121.5181917,VP8GX42,6,2015-11-20 02:46:22.103
松信路-虎林街南側市民大道松山車站機車地下停車場出入口南側,33,2,25.04930833,121.574175,VL7TM20,2,2015-11-20 02:46:22.103
市高光復西側往西,76,2,25.044782,121.555424,V03A0G0,40,2015-11-20 02:46:22.103
金山南路一段23號前,35,4,25.040274,121.529103,VIXJ740,12,2015-11-20 02:46:22.103
長安西路287號前,23,2,25.052233,121.509293,VLTEQ40,3,2015-11-20 02:46:22.103
麥二進城接正氣橋,57,2,25.052997,121.569871,V7230E0,14,2015-11-20 02:46:22.103
基隆路三段30巷口,25,3,25.018701,121.545438,VEFMN40,10,2015-11-20 02:46:22.103
基隆路二段228-1號前,55,4,25.023475,121.55082,VF9NH00,15,2015-11-20 02:46:22.103
和平東路出口匝道,50,1,25.02858,121.537465,V12F2E0,3,2015-11-20 02:46:22.103
內湖路(港墘路-文德路,18,2,25.078539,121.580076,VSNVA60,3,2015-11-20 02:46:22.103
堤頂大道二段489-501號中間空地前,44,4,25.082813,121.561444,VTXQL00,5,2015-11-20 02:46:22.103
離新生北路二段55巷上游約25公尺,80,1,25.055444,121.527972,VN0C0E1,8,2015-11-20 02:46:22.103
入口匝道起點,51,1,25.049194,121.529278,VN0C0E0,15,2015-11-20 02:46:22.103
忠孝上與長安下匝道,83,3,25.042866,121.536348,V1040A0,39,2015-11-20 02:46:22.103
內湖路(港墘路-文德路,28,2,25.080257,121.574457,VSXTK20,6,2015-11-20 02:46:22.103
離新生北路二段15巷上游約20公尺,72,2,25.052861,121.528056,VN0C0E2,18,2015-11-20 02:46:22.103
華中橋入口匝道起點,34,2,25.017129,121.494108,V4221E0,3,2015-11-20 02:46:22.103
跨河段,79,3,25.101164,121.499075,V8020A0,32,2015-11-20 02:46:22.103
辛亥路3段芳蘭路往東約150公尺處,59,2,25.016384,121.549549,VDYN960,18,2015-11-20 02:46:22.103
羅斯福路四段32號前,38,4,25.015492,121.533683,VCPKT41,41,2015-11-20 02:46:22.103
民權西路127號門口路燈桿,53,2,25.06303889,121.5173028,VP8GI60,22,2015-11-20 02:46:22.103
辛亥路出口匝道,55,2,25.023604,121.537969,V12G2E0,14,2015-11-20 02:46:22.103
基隆路四段144巷50弄口右側,54,3,25.013479,121.539233,VCPKT40,6,2015-11-20 02:46:22.103
仰德大道四段與中華路口往南約70M處(附掛路燈桿,59,1,25.133328,121.546025,V7HMH00,3,2015-11-20 02:46:22.103
汀州路車行地下道入口端,50,3,25.010606,121.534692,V3110C0,21,2015-11-20 02:46:22.103
民權下與濱江下匝道,76,2,25.05638,121.536576,V1070A1,26,2015-11-20 02:46:22.103
市民下與終點端,80,2,25.054469,121.507469,V5080A0,20,2015-11-20 02:46:22.103
康定路279號前,50,2,25.034332,121.501024,VIDDL00,11,2015-11-20 02:46:22.103
華江橋下與西藏路下,81,2,25.026912,121.489748,V52C0E0,42,2015-11-20 02:46:22.103
堤頂大道二段177號前,48,4,25.076783,121.570774,VSGRX60,10,2015-11-20 02:46:22.103
濟南路一段71號對面人行道,0,2,25.04208,121.523829,VJMHU60,0,2015-11-20 02:46:22.103
林森南路與仁愛路一段口(地下道入口處,39,2,25.038523,121.521435,VIGHK40,22,2015-11-20 02:46:22.103
民權東路四段民權公園出入口右側,45,3,25.062203,121.558783,VP5QG20,8,2015-11-20 02:46:22.103
信義支線隧道外3+880,17,3,25.03161,121.572091,V9060A0,1,2015-11-20 02:46:22.103
忠孝東路出口匝道,20,2,25.044302,121.536384,V12C2E0,6,2015-11-20 02:46:22.103
信義路出口匝道,75,1,25.036796,121.537422,V12E2E0,4,2015-11-20 02:46:22.103
中山北路一段33巷口,46,4,25.048951,121.521093,VLBHN00,24,2015-11-20 02:46:22.103
重陽橋車行地下道出口處(環路線圈式車輛偵測器,75,3,25.087034,121.504669,V8001H0,25,2015-11-20 02:46:22.103
信義五段-光復南-往西,26,3,25.03305,121.559047,VHKPV60,17,2015-11-20 02:46:22.103
承德路六段425號中油加油站往南50M處(人行道,52,4,25.108435,121.51131,V4VDD40,15,2015-11-20 02:46:22.103
復興北路344號前,31,3,25.059765,121.543776,VMZM900,9,2015-11-20 02:46:22.103
社中接與地下道出口(環路線圈式車輛偵測器,70,3,25.088764,121.503,V8001H1,25,2015-11-20 02:46:22.103
延平北路六段(環路線圈式車輛偵測器,30,2,25.089831,121.50245,V8001H2,2,2015-11-20 02:46:22.103
和平西路(中華-南海,37,2,25.031321,121.507917,VH7EN60,3,2015-11-20 02:46:22.103
羅斯福路上匝道,22,2,25.024021,121.511941,V2320G0,1,2015-11-20 02:46:22.103
離華中橋下游35公尺,57,2,25.021051,121.506469,V4220D0,13,2015-11-20 02:46:22.103
敦化南路上匝道,0,1,25.012468,121.538941,V2311G0,0,2015-11-20 02:46:22.103
信義上與仁愛上匝道,81,3,25.034087,121.537509,V1020A1,40,2015-11-20 02:46:22.103
承德路七段382號對面人行道上,70,3,25.118895,121.501696,VVCGQ40,111,2015-11-20 02:46:22.103
民族東路166號前,39,4,25.068296,121.529441,VQEJF20,13,2015-11-20 02:46:22.103
八德路四段610號前,33,4,25.049834,121.573137,VLDTB20,17,2015-11-20 02:46:22.103
成功路(金龍路-康湖路,47,2,25.084698,121.597696,VTYXQ60,10,2015-11-20 02:46:22.103
新生南路二段50號前,65,4,25.029269,121.53402,VFYKD00,10,2015-11-20 02:46:22.103
環河北路二段與民權西路口(橋下,51,5,25.063746,121.508687,VQGF701,45,2015-11-20 02:46:22.103
辛亥路2段129號對面槽化島上,50,6,25.021297,121.539247,VF9KW60,18,2015-11-20 02:46:22.103
新生南路三段25巷旁,50,6,25.02437222,121.5348278,VFYKD01,15,2015-11-20 02:46:22.103
新生南路一段149號前,48,6,25.035664,121.533186,VINJW00,14,2015-11-20 02:46:22.103
三重路69號（南湖大橋-經貿二路）,25,2,25.060972,121.613861,VNZ4641,4,2015-11-20 02:46:22.103
市高光華橋東側往西,76,2,25.045238,121.534456,V03C0G1,44,2015-11-20 02:46:22.103
水源快-往南下新店端終點信義路三段147巷口前中央分隔島路燈桿(捷運信義線大安站2號出口前,39,2,25.031438,121.550122,VHMM620,2,2015-11-20 02:46:22.103
民權東路一段68號前,41,4,25.062606,121.525026,VP6IG60,17,2015-11-20 02:46:22.103
羅斯福路三段218號前,34,6,25.019018,121.53024,VELJA00,14,2015-11-20 02:46:22.103
市高西寧西側往西,58,1,25.050668,121.50781,V5062G0,20,2015-11-20 02:46:22.103
八德路四段318號前,46,2,25.049142,121.567614,VL6RM20,10,2015-11-20 02:46:22.103
信義路一段東門國小往西約60M處,10,4,25.038324,121.519007,VIGHK20,2,2015-11-20 02:46:22.103
光復南-信義往北,53,2,25.030934,121.557551,VHEPV00,6,2015-11-20 02:46:22.103
水源路213巷前,41,2,25.019052,121.523305,V4070G0,13,2015-11-20 02:46:22.103
市高安東西側往西,66,2,25.044691,121.541143,V03C0G0,40,2015-11-20 02:46:22.103
中正路426 號前,42,4,25.09325,121.519179,VW7HN20,15,2015-11-20 02:46:22.103
市高延平西側往西,67,2,25.05004,121.511702,V03E0G1,73,2015-11-20 02:46:22.103
離八德路口東南端約15公尺,104,2,25.0435,121.530139,VN0A0E0,11,2015-11-20 02:46:22.103
市高承德西側往西,70,2,25.0492,121.514612,V03E0G0,72,2015-11-20 02:46:22.103
辛亥路出口匝道,37,2,25.022219,121.533742,V3132C0,2,2015-11-20 02:46:22.103
基高出口匝道,56,1,25.008713,121.533911,V2101B0,15,2015-11-20 02:46:22.103
洛陽下與市民下,53,3,25.055073,121.507858,V5070A0,32,2015-11-20 02:46:22.103
貴陽街下與洛陽下 離長沙街二段上游100公尺,72,2,25.045017,121.502078,V5070A1,30,2015-11-20 02:46:22.103
建國北路一段136號前,45,2,25.050937,121.536493,VLRKQ40,15,2015-11-20 02:46:22.103
貴陽街下與洛陽下 離峨嵋街下游30公尺,78,2,25.048021,121.50544,V5070A2,37,2015-11-20 02:46:22.103
淡北13出口匝道,47,1,25.106028,121.499521,VLGGYA0,7,2015-11-20 02:46:22.103
景美橋(羅斯福路六段景美橋頭,42,5,24.988605,121.539491,V1XLD00,21,2015-11-20 02:46:22.103
離同安街陸橋上游25公尺,59,2,24.998585,121.535898,V4280C0,23,2015-11-20 02:46:22.103
玉瀧谷入口,0,1,25.169822,121.535149,V9IJV70,0,2015-11-20 02:46:22.103
信義支線隧道內2+645,42,3,25.021901,121.577753,V9040A0,5,2015-11-20 02:46:22.103
民生西路77號前,48,3,25.057696,121.519435,VMXH820,88,2015-11-20 02:46:22.103
華江橋(靠和平西路三段392號橋上,70,1,25.035548,121.490912,VISCI20,7,2015-11-20 02:46:22.103
民族東路436號前,18,4,25.068117,121.539055,VQDLJ20,4,2015-11-20 02:46:22.103
中正橋(靠重慶南路三段92之1號橋上,52,4,25.025576,121.516278,VFVGM00,24,2015-11-20 02:46:22.103
基隆路方向上信義支線匝道4+170,32,4,25.032287,121.569875,V9211A0,17,2015-11-20 02:46:22.103
文德路(文德路-金龍路,11,2,25.078583,121.586806,VSQVZ20,2,2015-11-20 02:46:22.103
中華路二段39巷口,29,4,25.035224,121.50622,VI9EM00,32,2015-11-20 02:46:22.103
瑞光路295號前,14,2,25.07566,121.576241,VS6TI00,5,2015-11-20 02:46:22.103
承德路二段73號前,43,6,25.055679,121.518069,VMQGX40,20,2015-11-20 02:46:22.103
舊宗路一段與舊宗路一段150巷口,24,4,25.062696,121.57731,VPBTD70,2,2015-11-20 02:46:22.103
文林路275號對面人行道,57,1,25.091499,121.526736,VV9IP40,4,2015-11-20 02:46:22.103
承德路二段142號前,50,3,25.05946111,121.5181028,VN8GX40,10,2015-11-20 02:46:22.103
松仁-松平 往南,52,2,25.031129,121.568185,VGYS640,3,2015-11-20 02:46:22.103
南京東路1段34號中央分隔島(往東,46,3,25.05213,121.523853,VLRIF20,19,2015-11-20 02:46:22.103
承德路四段168號對面人行道上,52,3,25.090248,121.517689,VV7GX00,8,2015-11-20 02:46:22.103
和平西路三段230號對面人行道上,36,4,25.035549,121.495965,VHZC820,18,2015-11-20 02:46:22.103
承德路三段52號前,42,6,25.064888,121.517899,VP8GX00,9,2015-11-20 02:46:22.103
市民大道一段與中山北路口往西146M處(橋下,41,2,25.048525,121.51903,VL5GL60,57,2015-11-20 02:46:22.103
離汀洲街四段140巷上游50公尺,65,3,25.011379,121.528107,V4020A0,28,2015-11-20 02:46:22.103
樂業街與敦化上匝道,62,1,25.014907,121.54124,V2310G0,11,2015-11-20 02:46:22.103
林森南路徐州路口往北約55M處,49,3,25.041687,121.522658,VJCHS40,17,2015-11-20 02:46:22.103
重慶南路三段38號前,48,4,25.028144,121.515327,VGSGF00,35,2015-11-20 02:46:22.103
港墘路219號前,26,3,25.074959,121.573085,VS9TE00,12,2015-11-20 02:46:22.103
重慶北路二段227號對面人行道,41,6,25.062016,121.5131,VNNFY00,16,2015-11-20 02:46:22.103
艋舺大道389號前槽化島上,34,3,25.031159,121.494075,VH9H820,16,2015-11-20 02:46:22.103
汀州路車行地下道入口端,73,2,25.021354,121.543498,V3330G0,17,2015-11-20 02:46:22.103
建國北路二段84號前,38,2,25.055803,121.536524,VMEKQ41,11,2015-11-20 02:46:22.103
臺北橋(民權西路與大龍街口,53,3,25.062412,121.515996,VP8GI20,75,2015-11-20 02:46:22.103
敦化下與樂業街,61,1,25.020273,121.547773,V2130C0,15,2015-11-20 02:46:22.103
福林路253號對面人行道上,47,4,25.098311,121.535222,VX9KL60,20,2015-11-20 02:46:22.103
環南市場入口匝道起點,51,1,25.029324,121.489222,V52C1E0,13,2015-11-20 02:46:22.103
大業路515號前,47,3,25.133108,121.495555,V7JCE40,18,2015-11-20 02:46:22.103
八德路二段249號前,33,3,25.046995,121.540499,VKLLH20,17,2015-11-20 02:46:22.103
離牯嶺街下游40公尺,55,2,25.022491,121.507912,V4050G0,19,2015-11-20 02:46:22.103
木新路2段213號前,37,2,24.983823,121.567799,V1CRT60,9,2015-11-20 02:46:22.103
南港路二段126號前,41,2,25.0535,121.601694,VMAZC60,13,2015-11-20 02:46:22.103
光復南-忠孝東往北,37,3,25.040494,121.557743,VJFPW00,13,2015-11-20 02:46:22.103
竹子湖派出所前,18,2,25.167836,121.540983,V9FLB00,1,2015-11-20 02:46:22.103
桂林路下與華江橋下,80,2,25.03172,121.48836,V52A0E0,73,2015-11-20 02:46:22.103
信義路二段7號前中央分隔島燈桿,24,2,25.035099,121.525182,VHSIP20,1,2015-11-20 02:46:22.103
光復南路151巷口左側人行道上,46,4,25.043149,121.557557,VJFPW01,14,2015-11-20 02:46:22.103
承德路七段168巷口,66,3,25.113446,121.508386,V3MER00,18,2015-11-20 02:46:22.103
市高重慶入口往東,68,2,25.049851,121.511642,V0120C0,28,2015-11-20 02:46:22.103
中山南路中央圖書館前,44,4,25.037591,121.516794,VHWGD40,11,2015-11-20 02:46:22.103
信義路二段148號巷口路燈桿,42,2,25.033861,121.528744,VHNJV20,5,2015-11-20 02:46:22.103
杭州南路一段145號對面,57,2,25.03615,121.524432,VI6I900,4,2015-11-20 02:46:22.103
新光路二段(臺北木柵劍湖山兒童玩國前,20,2,24.996518,121.576832,V2WUA20,1,2015-11-20 02:46:22.103
三民路152號前,20,2,25.061301,121.563358,VP8QY00,3,2015-11-20 02:46:22.103
忠孝東路四段508號前,52,4,25.041046,121.562324,VJFQQ60,35,2015-11-20 02:46:22.103
辛亥路往北上匝道,57,2,25.023604,121.537969,V1001A0,9,2015-11-20 02:46:22.103
內湖路(北安路-基湖路,17,4,25.084945,121.559777,VU5QC60,13,2015-11-20 02:46:22.103
承德路(中正-劍潭,35,3,25.089087,121.520931,VUVHL40,7,2015-11-20 02:46:22.103
市高復興西側往東,75,3,25.044693,121.543026,V0150C0,63,2015-11-20 02:46:22.103
大度路-上大度路高架橋側(西向,81,3,25.123138,121.468841,V5AAF61,23,2015-11-20 02:46:22.103
信義支線隧道外1+040,32,3,25.008474,121.580692,V9260A0,7,2015-11-20 02:46:22.103
大度路一段洲美高架下橋往西約300M,55,6,25.121478,121.490649,V5AAF60,26,2015-11-20 02:46:22.103
基隆路三段155巷口右側,19,2,25.015823,121.542512,VCZLY20,1,2015-11-20 02:46:22.103
南京東路1段34號中央分隔島(往西,12,3,25.052205,121.523857,VLRHT60,15,2015-11-20 02:46:22.103
社中街與重陽橋間(環路線圈式車輛偵測器,60,3,25.089354,121.50214,V8260E0,15,2015-11-20 02:46:22.103
環東出城接麥二橋,57,2,25.046245,121.567392,V7010A0,23,2015-11-20 02:46:22.103
匝道出口端.銜接福和橋處,76,2,24.999327,121.535436,V2330G0,12,2015-11-20 02:46:22.103
忠孝東路上匝道,20,2,25.040122,121.545533,V1031A1,2,2015-11-20 02:46:22.103
羅斯福路三段149號前,41,6,25.021656,121.527081,VEVIV40,18,2015-11-20 02:46:22.103
華江橋入口匝道起點,45,1,25.016384,121.49569,V52B1E0,5,2015-11-20 02:46:22.103
市高敦化西側往西,79,3,25.045055,121.547774,V03B0G0,49,2015-11-20 02:46:22.103
光復路(信義-基隆,42,2,25.032103,121.557495,VHEPV40,7,2015-11-20 02:46:22.103
離出口匝道鼻端下游100公尺,70,1,25.044129,121.500331,V52I2E0,14,2015-11-20 02:46:22.103
吉林路15號長安國小門口右側人行道,50,2,25.050446,121.52991,VLAJE40,5,2015-11-20 02:46:22.103
信義支線隧道內3+490,56,3,25.028725,121.571226,V9230A1,9,2015-11-20 02:46:22.103
中山北路-通河街口(劍潭青年活動中心旁,55,4,25.079381,121.524353,VRNIF40,26,2015-11-20 02:46:22.103
敦化南路一段162號前槽化島上,47,4,25.04349,121.548451,VJGPQ00,6,2015-11-20 02:46:22.103
自強隧道中段,55,2,25.08948611,121.5488722,VU9NA40,6,2015-11-20 02:46:22.103
萬板橋橋上入城門架(環快上方,43,2,25.030301,121.488201,VGIA660,6,2015-11-20 02:46:22.103
中山北路2段46號前,52,4,25.055344,121.522656,VN5HV00,21,2015-11-20 02:46:22.103
正氣接市民,37,2,25.045464,121.566199,V0380F0,5,2015-11-20 02:46:22.103
辛亥下匝道與銜接建高入口,31,2,25.027576,121.537996,V1001B0,4,2015-11-20 02:46:22.103
忠孝東路四段100號前,51,3,25.041412,121.54647,VJGMT20,34,2015-11-20 02:46:22.103
大度路(大度路二段-第二迴轉道,42,3,25.121857,121.485989,V56BU20,20,2015-11-20 02:46:22.103
基高往水快匝道,66,1,25.013718,121.540353,V42B1E0,21,2015-11-20 02:46:22.103
民族西路足球場14號門對面人行道上,38,4,25.068416,121.521056,VQFHC20,21,2015-11-20 02:46:22.103
仁愛路一段29號前,35,4,25.03878,121.522804,VIRHZ20,6,2015-11-20 02:46:22.103
德行東路322號對面人行道,43,2,25.110573,121.537219,VZLKH60,5,2015-11-20 02:46:22.103
民權東路四段新中街口往西約45M處,37,3,25.062606,121.559637,VNXPC60,4,2015-11-20 02:46:22.103
市高西寧西側往東,61,1,25.048579,121.516007,V0111C0,36,2015-11-20 02:46:22.103
仁愛下與信義下匝道,68,3,25.042882,121.537022,V1270E0,36,2015-11-20 02:46:22.103
成功路(金龍路-康湖路,35,2,25.084652,121.598723,VTZY920,8,2015-11-20 02:46:22.103
民生東路五段224號前,0,2,25.059018,121.56536,VNDRK20,0,2015-11-20 02:46:22.103
研究院路2段40號前,36,1,25.046406,121.615249,VKE4M40,2,2015-11-20 02:46:22.103
離出口匝道鼻端下游50公尺,58,1,25.041993,121.49947,V50C2A0,5,2015-11-20 02:46:22.103
離中正路下游約200公尺,47,3,25.00358,121.535385,V4010A0,22,2015-11-20 02:46:22.103
信義支線隧道內2+920,51,3,25.02458,121.57624,V9050A0,6,2015-11-20 02:46:22.103
離出口匝道鼻端下游50公尺,63,1,24.998103,121.537026,V2PK0E0,12,2015-11-20 02:46:22.103
辛亥路4段辛亥捷運站前左側,41,2,25.005187,121.557415,VB5PL40,11,2015-11-20 02:46:22.103
離西藏路下游125公尺,37,1,25.035464,121.489108,V52C2E0,18,2015-11-20 02:46:22.103
舊宗堤頂,79,2,25.056919,121.580702,V6340G1,9,2015-11-20 02:46:22.103
舊宗堤頂,33,2,25.059285,121.585074,V6340G0,10,2015-11-20 02:46:22.103
木柵路四段153號對面人行道上,0,2,24.999296,121.575141,VACTV20,0,2015-11-20 02:46:22.103
離入口匝道鼻端上游200公尺,22,2,25.019074,121.492937,V4081G0,6,2015-11-20 02:46:22.103
南京東路五段108號前,21,2,25.051195,121.562004,VLMR820,1,2015-11-20 02:46:22.103
仁愛路二段27號前,57,4,25.038556,121.527342,VIPIZ60,6,2015-11-20 02:46:22.103
金山南路一段72-1號前,48,4,25.037018,121.528187,VIPIZ61,17,2015-11-20 02:46:22.103
景美入口匝道起點,24,1,25.006184,121.534109,V4011A0,7,2015-11-20 02:46:22.103
北安路及中山北路四段中央分隔島號誌,49,2,25.076999,121.525398,VSVI900,9,2015-11-20 02:46:22.103
離往北往南方向岔出點下游30公尺,0,1,25.01402,121.526662,V4031A0,0,2015-11-20 02:46:22.103
堤頂上匝道,45,1,25.054868,121.57651,V6121A0,3,2015-11-20 02:46:22.103
辛亥路6段80巷口,49,2,24.98919,121.55244,V1SNV00,3,2015-11-20 02:46:22.103
忠孝東路七段570號(消防栓旁,42,4,25.052795,121.613745,VM64J20,8,2015-11-20 02:46:22.103
離福和橋往水快匝道鼻端下游30公尺,49,1,25.008713,121.533911,V42B1D0,1,2015-11-20 02:46:22.103
建國南路一段162號前,29,3,25.04113,121.537104,VJHKR40,4,2015-11-20 02:46:22.103
忠孝東路七段台電481號前新立桿,35,2,25.052639,121.611194,VLV3D60,2,2015-11-20 02:46:22.103
忠孝東路四段235號前,45,6,25.04154722,121.5537111,VJGNY60,35,2015-11-20 02:46:22.103
市民大道三段232號對面橋下,53,2,25.04489,121.540995,VK6L860,25,2015-11-20 02:46:22.103
松智路-松高 往北,23,6,25.037748,121.565411,VIWRJ00,10,2015-11-20 02:46:22.103
建國北路二段186巷口,51,2,25.05944,121.536718,VP5KR40,16,2015-11-20 02:46:22.103
中正路百齡橋頭中央分隔島號誌(往重陽橋方向,66,3,25.087858,121.511972,VUIFC60,19,2015-11-20 02:46:22.103
離出口匝道鼻端下游20公尺,44,1,25.018271,121.5008,V42F2E0,4,2015-11-20 02:46:22.103
文林北路68號前,46,6,25.105143,121.518198,VYRGM00,17,2015-11-20 02:46:22.103
基隆路一段8號前,36,6,25.050732,121.569781,VL9SB00,9,2015-11-20 02:46:22.103
松江路190號前,37,4,25.056691,121.533078,VMEJW40,27,2015-11-20 02:46:22.103
舊宗經貿,61,2,25.060485,121.587588,V6160C0,12,2015-11-20 02:46:22.103
辛亥下與敦化下,71,2,25.019741,121.547464,V2120C0,14,2015-11-20 02:46:22.103
舊宗經貿,39,2,25.060714,121.591197,V6160C1,14,2015-11-20 02:46:22.103
舊宗經貿,72,2,25.058283,121.598489,V6160C2,11,2015-11-20 02:46:22.103
舊宗經貿,92,2,25.058477,121.602039,V6160C3,6,2015-11-20 02:46:22.103
舊宗經貿,76,2,25.058993,121.606105,V6160C4,10,2015-11-20 02:46:22.103
舊宗經貿,86,2,25.060107,121.609639,V6160C5,7,2015-11-20 02:46:22.103
舊宗經貿,59,2,25.06105,121.610882,V6160C6,8,2015-11-20 02:46:22.103
舊宗經貿,25,2,25.061994,121.611739,V6160C7,6,2015-11-20 02:46:22.103
辛亥路4段21巷口,46,2,25.008552,121.557995,VB5PL60,16,2015-11-20 02:46:22.103
自強隧道中段,44,2,25.09181667,121.5491278,VF9M500,2,2015-11-20 02:46:22.103
松仁-松壽 往北,47,3,25.035272,121.568491,VI9S600,14,2015-11-20 02:46:22.103
松仁-松勇 往北,47,3,25.032754,121.568271,VHXS600,23,2015-11-20 02:46:22.103
信義五段-松仁路往東,38,4,25.032796,121.566498,VHJS620,19,2015-11-20 02:46:22.103
長安東路出口匝道,53,2,25.046304,121.536998,V10F2A0,9,2015-11-20 02:46:22.103
復興南路一段255號對面人行道上,31,3,25.036717,121.543595,VIAM700,29,2015-11-20 02:46:22.103
匝道出口處標誌牌面上,36,1,25.02083,121.548331,VEWN0C0,2,2015-11-20 02:46:22.103
永吉路195號前,57,2,25.04549,121.573414,VKESJ10,21,2015-11-20 02:46:22.103
辛亥上與信義上匝道,71,2,25.026459,121.537318,V1010A1,24,2015-11-20 02:46:22.103
辛亥上與信義上匝道,61,2,25.02216,121.532018,V1010A0,32,2015-11-20 02:46:22.103
建國南路一段304巷口,46,3,25.035657,121.537635,VINKW40,6,2015-11-20 02:46:22.103
環東大道(南京東至永吉,84,1,25.049846,121.569507,VLKSH01,6,2015-11-20 02:46:22.103
環東大道(南京東至永吉,73,3,25.049846,121.569507,VLKSH00,25,2015-11-20 02:46:22.103
建國南路一段(八德市場38號對面,23,1,25.045719,121.536331,VK7KP40,3,2015-11-20 02:46:22.103
堤頂舊宗,78,2,25.054696,121.5765,V6350G0,9,2015-11-20 02:46:22.103
信義路上匝道,44,1,25.034545,121.538046,V1011A0,1,2015-11-20 02:46:22.103
中山北路五段460巷口,35,4,25.091837,121.527907,VVYIV00,36,2015-11-20 02:46:22.103
復興北路495號前(路燈桿,62,1,25.065284,121.544417,VPWMA00,4,2015-11-20 02:46:22.103
松高路-松仁 往西,26,3,25.039046,121.5684,VIWRJ60,7,2015-11-20 02:46:22.103
仁愛上與忠孝上匝道,82,3,25.039052,121.53758,V1030A0,38,2015-11-20 02:46:22.103
民權東路三段8-1號前,24,4,25.062251,121.538484,VP5KR62,8,2015-11-20 02:46:22.103
信義路四段65號前路燈桿,35,2,25.033312,121.545534,VHMML20,6,2015-11-20 02:46:22.103
林森北路588號前,46,1,25.065519,121.525742,VPYIH00,11,2015-11-20 02:46:22.103
民權東路二段160號前,44,4,25.06238,121.535135,VP5KR60,15,2015-11-20 02:46:22.103
堤頂大道二段344號對面人行道,51,4,25.079645,121.563462,VT5QV00,6,2015-11-20 02:46:22.103
南湖經貿,85,2,25.061213,121.619496,V6320G0,4,2015-11-20 02:46:22.103
至善路三段113號對面人行道上,0,2,25.11472,121.570355,V3ZT820,0,2015-11-20 02:46:22.103
松壽-松仁 往東,8,3,25.035804,121.566244,VI9RW20,2,2015-11-20 02:46:22.103
南湖經貿,79,2,25.062931,121.6167,V6320G1,5,2015-11-20 02:46:22.103
羅斯福路六段88號前,36,6,24.998524,121.540297,V2KLN40,142,2015-11-20 02:46:22.103
松仁路方向上信義支線匝道3+315,0,1,25.033187,121.57297,V9201A0,0,2015-11-20 02:46:22.103
向陽路168號(首都客運停車場右側,50,4,25.055367,121.594194,VMLXB00,11,2015-11-20 02:46:22.103
東新街-昆陽街  路段間市民大道昆陽街西側,28,4,25.05082778,121.5907472,VLNX920,4,2015-11-20 02:46:22.103
詔安街38巷口,60,2,25.020643,121.519973,V4270C0,17,2015-11-20 02:46:22.103
內湖路(基湖路-港墘路,40,2,25.082103,121.56684,VTHRR20,4,2015-11-20 02:46:22.103
萬大路97號前,42,2,25.030163,121.500353,VH6DG00,11,2015-11-20 02:46:22.103
大直橋(明水路上方,45,6,25.077215,121.544468,VSEMA00,15,2015-11-20 02:46:22.103
逸仙路-忠孝 往北,46,4,25.040101,121.561606,VJFQQ00,27,2015-11-20 02:46:22.103
中山南路5號前,42,4,25.042929,121.518699,VHWGD60,15,2015-11-20 02:46:22.103
離民族東路上游約80公尺,29,2,25.067611,121.527806,VN0E0E2,15,2015-11-20 02:46:22.103
圓山上與民權下匝道,113,2,25.068436,121.533218,V1210E0,16,2015-11-20 02:46:22.103
仁愛路出口匝道,66,1,25.040045,121.537466,V12D2E0,1,2015-11-20 02:46:22.103
建國南路一段濟南路營區前(空總側門左側,33,2,25.03905,121.538135,VJ7KV40,7,2015-11-20 02:46:22.103
北安路813-1號前燈桿,33,4,25.084883,121.555594,VU8P760,7,2015-11-20 02:46:22.103
入口匝道起點,66,1,25.063583,121.528083,VN0E0E0,2,2015-11-20 02:46:22.103
離新生北路三段11巷上游約6公尺,87,2,25.0635,121.528111,VN0E0E1,16,2015-11-20 02:46:22.103
仁愛路三段47號前槽化島上,68,4,25.038237,121.535694,VINKW20,8,2015-11-20 02:46:22.103
萬大路上與西園路下,65,3,25.029272,121.488687,V4090H0,8,2015-11-20 02:46:22.103
和平下與辛亥下匝道,84,3,25.033842,121.537845,V1290E0,35,2015-11-20 02:46:22.103
中山北路六段90號對面人行道上,53,4,25.104805,121.524492,VYBIB00,17,2015-11-20 02:46:22.103
民生西路249號前,52,2,25.057181,121.514388,VMUGG20,15,2015-11-20 02:46:22.103
羅斯福路二段7號前,36,6,25.028883,121.520879,VGTHG00,20,2015-11-20 02:46:22.103
昆明街與洛陽街口,23,2,25.047964,121.506302,VJQEB00,8,2015-11-20 02:46:22.103
往北起點端至辛亥路下匝道,78,2,25.023604,121.537969,V3120C0,16,2015-11-20 02:46:22.103
市民大道四段103號對面橋下,39,2,25.044875,121.547387,VJGPQ20,25,2015-11-20 02:46:22.103
長安下與南京下匝道,67,3,25.045629,121.536331,V10C0A0,36,2015-11-20 02:46:22.103
經貿舊宗,61,2,25.060566,121.587539,V6330G8,13,2015-11-20 02:46:22.103
市高延吉西側往東,73,3,25.044518,121.551379,V0150C2,39,2015-11-20 02:46:22.103
忠孝西路一段70號前(消防隊,39,3,25.046708,121.514493,VKLGD20,39,2015-11-20 02:46:22.103
市高敦化西側往東,48,3,25.044889,121.547972,V0150C1,57,2015-11-20 02:46:22.103
經貿舊宗,60,2,25.06094,121.591158,V6330G7,9,2015-11-20 02:46:22.103
八德路二段346巷口,46,3,25.047675,121.544595,VKRM820,16,2015-11-20 02:46:22.103
信義支線隧道外2+850,29,3,25.022051,121.576476,V9240A0,18,2015-11-20 02:46:22.103
建國北路三段121號前,55,2,25.066549,121.535639,VPLKP40,10,2015-11-20 02:46:22.103
仁愛路二段71號旁,7,4,25.038372,121.530978,VIPJA20,5,2015-11-20 02:46:22.103
民生東路三段138號前,28,6,25.057516,121.546938,VMYN820,10,2015-11-20 02:46:22.103
基隆路四段75號(台電大門左側,42,2,25.012748,121.538912,VCPKT00,14,2015-11-20 02:46:22.103
松江路297巷口,46,3,25.060296,121.532301,VNLJX20,5,2015-11-20 02:46:22.103
健康路174號旁,25,4,25.053851,121.558914,VM9QH20,15,2015-11-20 02:46:22.103
光復北路11巷加油站出口右側人行道,43,4,25.048981,121.557782,VL7PX00,22,2015-11-20 02:46:22.103
基隆-和平東 往南,44,4,25.02555,121.553772,VG7PG50,42,2015-11-20 02:46:22.103
民權東路六段(中天電視對面,54,4,25.068772,121.583068,VQEUU60,18,2015-11-20 02:46:22.103
思源路水博館對面人行道上,35,3,25.014158,121.531022,VDKJT00,12,2015-11-20 02:46:22.103
忠孝西路二段34號前,36,2,25.048531,121.50685,VKXET20,9,2015-11-20 02:46:22.103
民生東路四段118號對面人行道,36,2,25.058365,121.554335,VN8PG20,2,2015-11-20 02:46:22.103
莒光路42號前,22,2,25.031218,121.505996,VH7E760,1,2015-11-20 02:46:22.103
安和路一段73號前,22,2,25.036941,121.551881,VIMNN00,2,2015-11-20 02:46:22.103
至善路二段258號前,53,2,25.100358,121.550658,VXWNW20,6,2015-11-20 02:46:22.103
舊宗麥二,65,2,25.051415,121.570558,V6360G1,11,2015-11-20 02:46:22.103
舊宗麥二,71,2,25.053432,121.574194,V6360G0,22,2015-11-20 02:46:22.103
離金門街35巷下游約25公尺,21,2,25.021829,121.516609,V42E2E0,3,2015-11-20 02:46:22.103
安和路一段21巷口,22,2,25.039295,121.549998,VJGMT00,1,2015-11-20 02:46:22.103
桂林路22號前,21,2,25.037692,121.505775,VIME560,5,2015-11-20 02:46:22.103
出口匝道上與忠孝橋匝道交會處,55,1,25.051907,121.506943,V0112A0,23,2015-11-20 02:46:22.103
