,lat,log
0,25.1970801041,121.570972893
1,25.1969199625,121.570946719
2,25.1965345456,121.570812826
3,25.1963697451,121.570824462
4,25.1960981657,121.571018544
5,25.1958279906,121.571433099
6,25.195398063,121.571721013
7,25.1952626383,121.572306425
8,25.1950558981,121.572658326
9,25.1949736748,121.572909722
10,25.1950058915,121.573332194
11,25.1951599826,121.573849502
12,25.1951361424,121.574177139
13,25.1954691477,121.575021169
14,25.1955668766,121.575426584
15,25.1955840006,121.575666044
16,25.1955585604,121.57582344
17,25.1954200567,121.576037051
18,25.1953182501,121.576099516
19,25.1952773791,121.57616258
20,25.1952245636,121.576395196
21,25.1953194254,121.576956566
22,25.1952777992,121.577213108
23,25.1951915017,121.577349444
24,25.1948700511,121.577597227
25,25.1947271285,121.577785385
26,25.1945415078,121.578504188
27,25.1944868542,121.578628577
28,25.1942055926,121.57898662
29,25.1941350876,121.579124579
30,25.1941415124,121.579212979
31,25.1942088976,121.579295156
32,25.1943867256,121.579415682
33,25.1947585682,121.579556046
34,25.1949699025,121.579765105
35,25.195225833,121.580112357
36,25.195364152,121.580522931
37,25.1953745932,121.580737858
38,25.195319965,121.581429996
39,25.1952968979,121.581556084
40,25.1951624038,121.581895597
41,25.1950697478,121.582500108
42,25.195054791,121.582859101
43,25.1950088348,121.583066629
44,25.1949360536,121.583208295
45,25.1947931955,121.583378776
46,25.1945796087,121.583742093
47,25.1943101741,121.583387947
48,25.1941711688,121.583153492
49,25.193928155,121.582966914
50,25.1938110185,121.582909924
51,25.1935133137,121.582856724
52,25.1932159442,121.582717951
53,25.1930760389,121.582711703
54,25.1929811018,121.582748458
55,25.1927682598,121.582923873
56,25.1923484141,121.58351038
57,25.192018325,121.583749108
58,25.1918286477,121.583773008
59,25.1915421273,121.58365196
60,25.191467667,121.583647264
61,25.1909391255,121.583844424
62,25.1908692601,121.583818975
63,25.1907677152,121.583723924
64,25.1906572506,121.583692081
65,25.1904491312,121.58390379
66,25.1902999257,121.583966331
67,25.1900582633,121.584009204
68,25.1899048674,121.583989559
69,25.189699998,121.583859292
70,25.1894949259,121.583780799
71,25.1893571281,121.583811767
72,25.1890471618,121.584005625
73,25.188936498,121.584024011
74,25.1887381383,121.583960124
75,25.1886686963,121.5838274
76,25.1886575919,121.583694952
77,25.1887195164,121.583444411
78,25.188711239,121.58325431
79,25.1886397508,121.583067935
80,25.1885880652,121.583010949
81,25.1884010669,121.582928204
82,25.1878950003,121.583058188
83,25.1877573281,121.583057533
84,25.1875792332,121.583006147
85,25.187406258,121.582801
86,25.1871687865,121.582352775
87,25.187085666,121.582254401
88,25.1869754267,121.582165204
89,25.1866959702,121.582063107
90,25.1863470427,121.581834491
91,25.1861869631,121.581792805
92,25.1860448358,121.581777867
93,25.1858844504,121.581813693
94,25.1857555376,121.581882222
95,25.1853820477,121.582160422
96,25.1848996758,121.582577622
97,25.1845762958,121.58273979
98,25.1843415277,121.582751384
99,25.1838162412,121.582604094
100,25.1836721979,121.582502335
101,25.1835591535,121.581979066
102,25.183433707,121.581739114
103,25.1833550139,121.581663091
104,25.1827873673,121.581382599
105,25.1824557737,121.581337621
106,25.1823746837,121.581296929
107,25.1820511659,121.580919628
108,25.1818775331,121.580880979
109,25.1814483752,121.580967306
110,25.1809186041,121.581386753
111,25.1805534288,121.581271858
112,25.1804270185,121.581277461
113,25.1800872458,121.581590842
114,25.1799412944,121.581974284
115,25.1798051134,121.582168958
116,25.1794595006,121.582245135
117,25.179139425,121.582140682
118,25.1790151664,121.582173265
119,25.1788069021,121.582331942
120,25.1784202048,121.582525422
121,25.1782255793,121.582659362
122,25.1774805164,121.583301606
123,25.1769742314,121.583486766
124,25.1768658703,121.583494
125,25.1768253202,121.583474893
126,25.1767878205,121.583254289
127,25.1767249265,121.583178339
128,25.1765110799,121.583035332
129,25.1762698551,121.582967529
130,25.1755994901,121.582980771
131,25.1753920791,121.582923052
132,25.1749306789,121.582599364
133,25.1746566024,121.58227688
134,25.1744339368,121.582080509
135,25.1740692193,121.581849673
136,25.1739001649,121.581794617
137,25.173798878,121.581724691
138,25.1736037402,121.581415298
139,25.173230909,121.580951293
140,25.1728462441,121.580627052
141,25.1725090424,121.58028537
142,25.1720610179,121.579426679
143,25.1718248798,121.579211343
144,25.1713521635,121.578894135
145,25.1710080392,121.57858994
146,25.1708778527,121.578406729
147,25.1705642718,121.577794217
148,25.1703711377,121.57754778
149,25.1701303616,121.577363739
150,25.169929841,121.577274752
151,25.169769697,121.577248887
152,25.1691401235,121.577219882
153,25.168703925,121.577375932
154,25.1684512982,121.577336921
155,25.1672654189,121.577010175
156,25.1669899529,121.577040499
157,25.1667767733,121.577303928
158,25.1661558251,121.577956031
159,25.1656995046,121.578640527
160,25.1655603308,121.57902427
161,25.1654378298,121.579760556
162,25.1654067131,121.580213932
163,25.1655233166,121.58098297
164,25.1654284864,121.582141603
165,25.1654387798,121.582393679
166,25.1654785852,121.582601877
167,25.1657569305,121.582987286
168,25.1657833162,121.583164731
169,25.1657650129,121.583227573
170,25.1655747604,121.583396856
171,25.1652584734,121.583477192
172,25.1650933716,121.583564444
173,25.1650300483,121.583639785
174,25.1649318829,121.58392296
175,25.1648716128,121.584325664
176,25.1647622355,121.584589565
177,25.1646214104,121.584816121
178,25.1639909511,121.585581272
179,25.1635457775,121.586290885
180,25.1634177162,121.586712477
181,25.1633944479,121.58688875
182,25.1634226892,121.587166016
183,25.1633926249,121.587348456
184,25.1632198001,121.587675286
185,25.1630274322,121.587807659
186,25.1629638145,121.587914298
187,25.162964698,121.58825963
188,25.1630713049,121.588694746
189,25.1632235413,121.589005467
190,25.163490812,121.589334098
191,25.1636769372,121.589636305
192,25.1637257107,121.58985694
193,25.1612247911,121.5904748
194,25.1609786874,121.590499032
195,25.1605703098,121.590465448
196,25.160330875,121.590514824
197,25.159984939,121.590670629
198,25.159111859,121.591145031
199,25.1581712438,121.591575086
200,25.1576716845,121.591767959
201,25.1574820797,121.591773243
202,25.1570067752,121.591544361
203,25.1566002779,121.591605325
204,25.1562384657,121.591779954
205,25.1558997008,121.591835045
206,25.1557169644,121.591815254
207,25.1552098318,121.591644494
208,25.1550972681,121.591572969
209,25.1548413897,121.591218994
210,25.1546645499,121.590852687
211,25.1545273048,121.590745087
212,25.1543943819,121.590685553
213,25.1534563735,121.590462821
214,25.1533550122,121.590411812
215,25.1531257375,121.590177306
216,25.1527108147,121.589520668
217,25.1525556124,121.58938757
218,25.1524180652,121.589355602
219,25.1522391174,121.589518402
220,25.1521301533,121.589676271
221,25.1514318865,121.591026194
222,25.1510096595,121.591635089
223,25.1509456853,121.591830052
224,25.1508151169,121.592874911
225,25.1505334938,121.593314307
226,25.1502909292,121.593577839
227,25.1499878449,121.593740026
228,25.1495970443,121.593826161
229,25.1482834072,121.593845222
230,25.1480981546,121.593889886
231,25.1478332111,121.594108977
232,25.1475154957,121.594541988
233,25.1472277791,121.594811484
234,25.1462684092,121.595411535
235,25.1452171131,121.59585988
236,25.1448216684,121.595977597
237,25.1444108412,121.595992028
238,25.1442912492,121.595984941
239,25.1435902447,121.59575745
240,25.1435021986,121.595763222
241,25.1433529629,121.595831923
242,25.1430947607,121.596057232
243,25.1429858269,121.596206093
244,25.1427944377,121.596654262
245,25.1426626975,121.596861274
246,25.1425584467,121.596968007
247,25.1422143779,121.597218309
248,25.1416510569,121.597549055
249,25.1410233442,121.598175778
250,25.1408515132,121.598250566
251,25.1403907411,121.598336648
252,25.140288901,121.598405266
253,25.140161646,121.598618804
254,25.1400499104,121.598901847
255,25.1396982419,121.599913899
256,25.1393503805,121.600541972
257,25.1392732467,121.600639842
258,25.1389474463,121.600835982
259,25.1383786808,121.601393847
260,25.1378899322,121.601699828
261,25.1378344978,121.602011959
262,25.1376977146,121.602347553
263,25.1375180082,121.602693163
264,25.1371727518,121.6032329
265,25.1369932903,121.603483983
266,25.1367144407,121.603788809
267,25.136553686,121.603913846
268,25.1361918569,121.604088409
269,25.1362652057,121.604365833
270,25.1364647877,121.604681692
271,25.1365906892,121.60480194
272,25.1369330241,121.604979967
273,25.1369891009,121.605064853
274,25.1369657596,121.605253788
275,25.1367450856,121.605681006
276,25.1366773271,121.605693067
277,25.1364955568,121.605437729
278,25.1363649368,121.605367665
279,25.1359000851,121.605346468
280,25.1355506342,121.605253009
281,25.1350868734,121.604964675
282,25.134709035,121.604638023
283,25.1345490341,121.604577731
284,25.1342351911,121.604607801
285,25.1338270727,121.604511266
286,25.1333683726,121.60464134
287,25.132805471,121.604865112
288,25.1327151682,121.604871173
289,25.1316555366,121.604588901
290,25.1311230031,121.604560864
291,25.1308361651,121.604609968
292,25.1307432972,121.604691327
293,25.1307135714,121.6047857
294,25.1304935521,121.606157788
295,25.1304835478,121.606396673
296,25.1305275271,121.60668014
297,25.1303484662,121.607416202
298,25.1301977551,121.607843427
299,25.1292352565,121.607542713
300,25.1291474564,121.607488354
301,25.1289160091,121.607238984
302,25.1280638268,121.606453834
303,25.1276415819,121.605948172
304,25.1272547025,121.605624903
305,25.126711351,121.604929615
306,25.1262770358,121.604615418
307,25.1260537652,121.604573722
308,25.1259683084,121.604497688
309,25.1257685964,121.604213467
310,25.1257465399,121.604087542
311,25.1257590822,121.603778955
312,25.1255251799,121.603576378
313,25.125507638,121.603450168
314,25.1255259243,121.603393547
315,25.1261764145,121.602760843
316,25.1261947774,121.602685318
317,25.1261774124,121.602515412
318,25.1260184228,121.602205979
319,25.1260380651,121.601815609
320,25.126024805,121.601746441
321,25.1259798444,121.601701905
322,25.1243547397,121.601164963
323,25.1234543233,121.60113546
324,25.1232533289,121.601166084
325,25.1225661535,121.600868953
326,25.1218038625,121.600728873
327,25.1215179454,121.600551152
328,25.1212548803,121.600304133
329,25.1206938983,121.600055039
330,25.1203517826,121.599821269
331,25.1203524019,121.599668192
332,25.1204208763,121.599479501
333,25.1204237604,121.599323955
334,25.1202578816,121.599042708
335,25.1201140851,121.598881799
336,25.1195841441,121.59877014
337,25.1187235448,121.59838201
338,25.1177724038,121.598058211
339,25.1174638126,121.597905493
340,25.1171893363,121.597688177
341,25.1166532943,121.597410408
342,25.1164570402,121.597384353
343,25.1162331473,121.597496437
344,25.1160956528,121.597451457
345,25.1155764,121.596926499
346,25.1152565757,121.596761028
347,25.1147998815,121.59639379
348,25.1144598132,121.596210559
349,25.1142888266,121.59607525
350,25.1141834148,121.595909273
351,25.1141259437,121.595607806
352,25.1137043561,121.595490808
353,25.1134718332,121.595503932
354,25.1132433417,121.595636996
355,25.1127697996,121.596092363
356,25.1123331873,121.596344018
357,25.1120643057,121.596418319
358,25.1115948432,121.596420378
359,25.1112604027,121.59652132
360,25.1106107563,121.596990383
361,25.1095095665,121.597495048
362,25.1094166262,121.597595298
363,25.1091596913,121.598065332
364,25.1088963895,121.598434632
365,25.1089354634,121.598819033
366,25.1089005168,121.599089361
367,25.1087210993,121.599365492
368,25.1084516738,121.599573946
369,25.1084288063,121.599647578
370,25.1084210267,121.599896966
371,25.1085689565,121.600151764
372,25.1085911162,121.600252882
373,25.1085861956,121.600353562
374,25.1084349787,121.600910548
375,25.108385938,121.601315898
376,25.1083887753,121.602285427
377,25.1081808716,121.602904721
378,25.1078857597,121.603271371
379,25.1077925247,121.603442876
380,25.1076772491,121.604038449
381,25.107463172,121.604509598
382,25.1073739167,121.604811566
383,25.1073552661,121.605510167
384,25.1072933192,121.606309566
385,25.1069709515,121.60676722
386,25.1069230788,121.607434383
387,25.1067378401,121.608025262
388,25.1065445862,121.608368539
389,25.1061994854,121.608864431
390,25.1059674412,121.609310069
391,25.1051276393,121.610454471
392,25.1049739449,121.611055412
393,25.1047323351,121.611629884
394,25.1046383709,121.611975812
395,25.1046262916,121.61321788
396,25.104577697,121.613507332
397,25.104490608,121.613827266
398,25.1043086486,121.614165004
399,25.1039520648,121.615247943
400,25.1037680494,121.615536714
401,25.1032902085,121.615924709
402,25.1031925568,121.616068909
403,25.1030656708,121.616187868
404,25.1026744297,121.616374903
405,25.1023119834,121.616694066
406,25.1019166466,121.616780384
407,25.1015495548,121.617129885
408,25.1011739784,121.617349526
409,25.1010285939,121.617574349
410,25.1008802349,121.617971109
411,25.100730173,121.618234942
412,25.1004922481,121.618460228
413,25.1002160838,121.618654026
414,25.09987738,121.619231379
415,25.0995531328,121.619588828
416,25.0992238384,121.620074515
417,25.0988335714,121.620567327
418,25.0985784187,121.621132698
419,25.0982879173,121.621515715
420,25.0980297268,121.621727944
421,25.0976837444,121.621884513
422,25.0973397924,121.622095925
423,25.0972875363,121.622177451
424,25.0971778288,121.62250437
425,25.0969212778,121.623365592
426,25.0970226902,121.623938952
427,25.0970828642,121.624657094
428,25.0970809287,121.625116538
429,25.0970506332,121.625342856
430,25.0969594232,121.625562983
431,25.0966082409,121.625881851
432,25.0960447885,121.626225661
433,25.0957987794,121.626224408
434,25.0955065936,121.62593325
435,25.0951813236,121.625459445
436,25.0950396374,121.625339139
437,25.0944310353,121.625150472
438,25.0938311425,121.625037134
439,25.0937272957,121.6250428
440,25.0929848321,121.62555516
441,25.0924109999,121.625684527
442,25.0922165822,121.625759131
443,25.0914694418,121.626309253
444,25.0913249684,121.626314712
445,25.0910167979,121.626067784
446,25.0908523824,121.625985159
447,25.0907193539,121.625952883
448,25.0905025798,121.625976875
449,25.0903917207,121.626039508
450,25.0895397737,121.626822051
451,25.0883880884,121.628030656
452,25.0882160242,121.628155863
453,25.0879809996,121.628224674
454,25.0870870218,121.628269677
455,25.0869785244,121.628306919
456,25.0865756885,121.628562914
457,25.0864536788,121.628593578
458,25.0863004146,121.62854261
459,25.085911128,121.628263674
460,25.0853683619,121.627984887
461,25.0849229726,121.627629157
462,25.0846999823,121.627520833
463,25.0844290911,121.627532151
464,25.08420084,121.627600377
465,25.0837277706,121.627918899
466,25.0835401225,121.627993526
467,25.0832288156,121.627954143
468,25.0830868397,121.627902926
469,25.0826071369,121.627655135
470,25.0824698861,121.627553758
471,25.0822587683,121.627307032
472,25.0821448599,121.626488337
473,25.0820159989,121.626002884
474,25.0819150199,121.625863901
475,25.0810962851,121.625192488
476,25.0809682454,121.625047174
477,25.080766892,121.624624244
478,25.0806816298,121.62450424
479,25.080562593,121.624365165
480,25.0803848711,121.624225799
481,25.0801392309,121.624136268
482,25.0800354368,121.624129372
483,25.0797551712,121.624222431
484,25.0793681912,121.624465803
485,25.0791921173,121.624471416
486,25.0789625402,121.624319086
487,25.0787002984,121.623883464
488,25.0785854284,121.623826194
489,25.078495123,121.623831935
490,25.0782600766,121.623906325
491,25.0781785868,121.6239626
492,25.0780399305,121.624194838
493,25.0779234467,121.624521668
494,25.0778149785,121.624552403
495,25.0777406567,121.624514235
496,25.0776036146,121.624362683
497,25.0775229728,121.624217307
498,25.077296488,121.623329
499,25.0772652598,121.62324056
500,25.0771730933,121.623151814
501,25.0768864801,121.623144164
502,25.0762493205,121.623304493
503,25.0757097391,121.623339553
504,25.0755267087,121.623389118
505,25.0753456469,121.623507766
506,25.0751973827,121.623878412
507,25.0751183068,121.62389691
508,25.0750486575,121.623820973
509,25.0750735808,121.623260754
510,25.0750107823,121.623165957
511,25.0748620313,121.623115026
512,25.0746159645,121.623126479
513,25.0745863334,121.623195404
514,25.0746779978,121.623403715
515,25.0746998269,121.623580076
516,25.0745839277,121.623768131
517,25.0745500194,121.623780658
518,25.0745095263,121.623748857
519,25.0744873006,121.623666971
520,25.074535569,121.623459679
521,25.0743064388,121.623200184
522,25.0742095993,121.623149514
523,25.0740312446,121.623160999
524,25.0740859233,121.623576967
525,25.0740744798,121.623614699
526,25.0740247751,121.623626835
527,25.0739842538,121.623601544
528,25.0737850723,121.623197545
529,25.0735289883,121.622906941
530,25.073556689,121.622806411
531,25.0738030963,121.622713181
532,25.0739655475,121.622726395
533,25.0740844235,121.622859261
534,25.0741770651,121.622834638
535,25.0742635227,121.62271551
536,25.0743030288,121.622444983
537,25.0743394299,121.622375782
538,25.0746042106,121.622207371
539,25.0747178232,121.622025499
540,25.0747249116,121.621949955
541,25.0747026069,121.621886651
542,25.0746328762,121.621829924
543,25.0743059834,121.62173999
544,25.074231711,121.621689434
545,25.0741643456,121.62160701
546,25.0740055759,121.621253708
547,25.0738840134,121.621177824
548,25.0737649186,121.621051152
549,25.0734505989,121.620653082
550,25.0733875858,121.62060878
551,25.0731281254,121.620585168
552,25.072624579,121.620639313
553,25.0723938648,121.620757715
554,25.0722329081,121.620926959
555,25.0721283748,121.621096484
556,25.0720196699,121.621183906
557,25.0718523896,121.621245941
558,25.0710263028,121.621248145
559,25.0706310668,121.62130903
560,25.0704257088,121.621301489
561,25.0703150637,121.621313632
562,25.0699193783,121.621481686
563,25.0696394062,121.621505361
564,25.0695650576,121.621473393
565,25.0696024616,121.621165076
566,25.0695895242,121.62102036
567,25.069492895,121.620919203
568,25.0692696354,121.620874097
569,25.0691705393,121.620823108
570,25.0686742688,121.620216605
571,25.0686007876,121.619977114
572,25.0686386606,121.619555435
573,25.0683680569,121.619497392
574,25.0682712689,121.619434027
575,25.0680947789,121.618998881
576,25.0680207804,121.618882355
577,25.0676340083,121.61853722
578,25.0676162409,121.61846775
579,25.0676754707,121.617794669
580,25.0676533729,121.617681192
581,25.067597261,121.617605336
582,25.0675004194,121.617554672
583,25.0671911593,121.61756551
584,25.0669085125,121.617690157
585,25.0666210099,121.617896238
586,25.0664786363,121.61793982
587,25.0661739679,121.617931786
588,25.0655268373,121.617777699
589,25.0652058235,121.61790184
590,25.0651133389,121.617888675
591,25.0651255936,121.617655818
592,25.0651847196,121.617549255
593,25.0654362126,121.617317596
594,25.0658728595,121.61706797
595,25.0658956392,121.617017906
596,25.0658918558,121.616841647
597,25.0658583413,121.616759709
598,25.0657954085,121.616696209
599,25.065560914,121.616638662
600,25.0651297262,121.616661593
601,25.0650214668,121.616642155
602,25.0639176049,121.616139513
603,25.0635269012,121.617282941
604,25.0632899738,121.617810461
605,25.0631866288,121.61823799
606,25.062920069,121.618834428
607,25.0623842175,121.61959955
608,25.0620030472,121.620075707
609,25.0615880992,121.620533255
610,25.0607587564,121.621315777
611,25.0602358383,121.621684497
612,25.0598217841,121.62192771
613,25.0594328712,121.622095783
614,25.0589673016,121.622244266
615,25.0582774725,121.622587047
616,25.0577318615,121.622924046
617,25.0564323605,121.623867971
618,25.0559322972,121.624167406
619,25.0557469348,121.62423553
620,25.0554265209,121.624215014
621,25.0552600588,121.624082237
622,25.0550163995,121.623520749
623,25.0550125187,121.623369903
624,25.0553566654,121.623113348
625,25.0554655831,121.62297546
626,25.0556568539,121.622636678
627,25.0562053641,121.622085684
628,25.0563937486,121.621834836
629,25.0565962778,121.621439424
630,25.0566674032,121.6211629
631,25.0566915513,121.62078548
632,25.0566475427,121.620514566
633,25.0565150914,121.620343867
634,25.0563034591,121.620217056
635,25.056125328,121.620175589
636,25.0558229061,121.62017066
637,25.0555765272,121.620257379
638,25.0549947998,121.620657384
639,25.0546441267,121.62085662
640,25.054237237,121.621006016
641,25.0540655234,121.621049131
642,25.0537902755,121.621022656
643,25.0536459871,121.620984144
644,25.0534231526,121.620838078
645,25.053085946,121.620515528
646,25.0530930584,121.6204338
647,25.0531796381,121.620239122
648,25.0531620028,121.620138378
649,25.0523215166,121.618183059
650,25.0516356843,121.617568892
651,25.0510652117,121.616892746
652,25.0508501912,121.616495255
653,25.0506275345,121.616305225
654,25.0505576324,121.616289389
655,25.0499390303,121.616333368
656,25.0493256563,121.616204567
657,25.0487808679,121.616409339
658,25.0481577486,121.616453606
659,25.0479406867,121.616546977
660,25.0472096503,121.617034179
661,25.0434589421,121.61909805
662,25.043232434,121.619292011
663,25.0430190997,121.619573986
664,25.0427379803,121.619874508
665,25.0424051322,121.620130796
666,25.0410994292,121.620948582
667,25.0406170155,121.621349038
668,25.040172863,121.621774765
669,25.0400752871,121.621899999
670,25.0399886014,121.622119738
671,25.0397588754,121.623557303
672,25.0396029707,121.624135595
673,25.0395506663,121.62422947
674,25.0394124911,121.6243483
675,25.038573948,121.624633594
676,25.0378513541,121.624718188
677,25.037783515,121.62474912
678,25.0377539104,121.624811832
679,25.0377310492,121.62488108
680,25.0377521898,121.625220888
681,25.0378145352,121.625422796
682,25.0379957871,121.625794693
683,25.0380133896,121.625901927
684,25.0379480473,121.626411301
685,25.0378134022,121.626763016
686,25.0374386576,121.627317576
687,25.0372951288,121.627634867
688,25.0371558854,121.628005445
689,25.0368938575,121.629124156
690,25.0366842206,121.629595009
691,25.0363036948,121.629913874
692,25.0360346638,121.630019644
693,25.0357071937,121.630068136
694,25.0352784017,121.63005975
695,25.0351404084,121.630134604
696,25.0351063139,121.630191095
697,25.0351168513,121.630367345
698,25.0353786168,121.630909653
699,25.0354387532,121.631098852
700,25.035806548,121.632654909
701,25.0358413282,121.632967845
702,25.0358270535,121.633139635
703,25.0357237934,121.633537637
704,25.0356783068,121.633619154
705,25.0354247766,121.633794045
706,25.035058796,121.633875463
707,25.0349661076,121.633911216
708,25.0348460618,121.634011055
709,25.034793347,121.634199675
710,25.034804041,121.634338146
711,25.0350034139,121.634688964
712,25.0350141753,121.634811331
713,25.0349572154,121.63493676
714,25.0347939386,121.635118127
715,25.0345054615,121.635548616
716,25.0344254106,121.63579593
717,25.0343003286,121.636544654
718,25.0341047516,121.636889224
719,25.0339761262,121.63741064
720,25.0339532601,121.637479886
721,25.0338330748,121.637611487
722,25.0337959556,121.637846635
723,25.0336983239,121.63798176
724,25.0332795505,121.638269121
725,25.0330483712,121.638494592
726,25.0325871074,121.639215556
727,25.0320744677,121.639810837
728,25.0320403172,121.639879713
729,25.0319819207,121.640337694
730,25.0319292473,121.640514851
731,25.0317497047,121.640803132
732,25.0315719826,121.64119206
733,25.031401789,121.641405454
734,25.0313265771,121.641575057
735,25.0313098836,121.641782439
736,25.0313359604,121.642015431
737,25.0313128465,121.642141338
738,25.0312220255,121.642266582
739,25.03103201,121.642366229
740,25.0309714767,121.642730993
741,25.0307013503,121.643088166
742,25.0305745537,121.643181948
743,25.0305177772,121.643263401
744,25.0305090719,121.643710181
745,25.0304229549,121.643791481
746,25.0302919158,121.643822073
747,25.0299300152,121.644002876
748,25.0297913347,121.644234699
749,25.0296748125,121.64456139
750,25.0296560197,121.644731289
751,25.0296720275,121.645203279
752,25.0294471713,121.645529092
753,25.0294573063,121.645793588
754,25.0294115939,121.645925567
755,25.0291169087,121.646219736
756,25.0290236088,121.646395438
757,25.0288244241,121.646526306
758,25.0286348948,121.646512925
759,25.0285200112,121.646461854
760,25.0283192824,121.646429216
761,25.0281881333,121.646485195
762,25.0280431148,121.646616653
763,25.0279859255,121.646792539
764,25.0280121859,121.646981561
765,25.0282067585,121.647391315
766,25.0283705171,121.647621312
767,25.0285887087,121.647789977
768,25.0286402369,121.647878186
769,25.0286510546,121.647985382
770,25.0285691742,121.648129557
771,25.0279595146,121.648709725
772,25.0279296446,121.648830949
773,25.0279473703,121.648906596
774,25.0281062931,121.649209336
775,25.0281279296,121.649423414
776,25.0280411474,121.649655811
777,25.0278911722,121.649887876
778,25.0276211671,121.650213438
779,25.027807474,121.65096314
780,25.0278113808,121.65110157
781,25.0277537978,121.6513657
782,25.0277804138,121.651472671
783,25.0278613054,121.651554844
784,25.0280730139,121.651656597
785,25.0281538769,121.651745273
786,25.028164814,121.6518246
787,25.0281236812,121.651940188
788,25.027858959,121.652089897
789,25.0276468813,121.652519186
790,25.0275697421,121.652610432
791,25.0275617284,121.652893408
792,25.0274927483,121.653182565
793,25.0275099473,121.653377735
794,25.0277652179,121.653838605
795,25.0278842267,121.653977649
796,25.0279353065,121.654166497
797,25.0277798657,121.654612496
798,25.0277265985,121.654920623
799,25.0276042521,121.655026801
800,25.0274776147,121.655082794
801,25.027472963,121.655114047
802,25.0277016965,121.655449681
803,25.0277487163,121.656046932
804,25.027894951,121.656664223
805,25.0280948188,121.656891948
806,25.0282425248,121.657175754
807,25.0283684684,121.65727706
808,25.0287174592,121.657467806
809,25.0289462192,121.657796018
810,25.0293983299,121.658654619
811,25.0297224037,121.659373818
812,25.0301256944,121.660042966
813,25.0304608785,121.6607997
814,25.0304993756,121.661278323
815,25.0302114662,121.662490945
816,25.0301946581,121.662717529
817,25.0302207585,121.662937839
818,25.0301928626,121.663120081
819,25.0301449037,121.663245856
820,25.0299084949,121.663622063
821,25.0299079888,121.663735397
822,25.029965629,121.663968574
823,25.0297340718,121.664269248
824,25.0296475466,121.664438786
825,25.0295533803,121.664803062
826,25.0295748802,121.665042236
827,25.0296934555,121.66527636
828,25.0298214847,121.665414852
829,25.0299685966,121.665827803
830,25.0299276333,121.66590314
831,25.0298417574,121.665927761
832,25.0293008879,121.665746477
833,25.0286434366,121.665390536
834,25.0283873256,121.665125017
835,25.0283133816,121.66500509
836,25.028203158,121.664922436
837,25.0278153818,121.664826211
838,25.0274655275,121.664830518
839,25.0272192654,121.664885858
840,25.0267808333,121.665013861
841,25.0260774398,121.66534109
842,25.0259577087,121.665365834
843,25.0258539733,121.665346388
844,25.0254238703,121.665127753
845,25.0246665054,121.664909706
846,25.0245990803,121.664846484
847,25.0243413374,121.664442244
848,25.024240113,121.664366147
849,25.0233632162,121.664128573
850,25.0232777075,121.664071449
851,25.0231790615,121.663923526
852,25.0229428338,121.663249089
853,25.022869956,121.662890131
854,25.0228980782,121.662657431
855,25.0230804955,121.661827954
856,25.0231804257,121.661180424
857,25.023344309,121.660869498
858,25.0233903703,121.660661979
859,25.0234338166,121.660026838
860,25.0234157977,121.659001228
861,25.0234997411,121.658393551
862,25.0234622378,121.658198279
863,25.0232369508,121.657595765
864,25.0233303746,121.657395
865,25.0235711931,121.657037415
866,25.0236070039,121.656594516
867,25.0238847798,121.656045148
868,25.0236854535,121.655695128
869,25.0236859247,121.655588307
870,25.0242252636,121.654580823
871,25.0243402273,121.654100562
872,25.0244430319,121.653818097
873,25.0242625471,121.653288589
874,25.0241562615,121.652822331
875,25.0241018973,121.65235294
876,25.0239927004,121.652104349
877,25.0239310251,121.65175785
878,25.0239245506,121.651175394
879,25.0240306945,121.650128769
880,25.0239887933,121.649904685
881,25.0236432174,121.649447393
882,25.0232608642,121.649143182
883,25.0228949102,121.648700651
884,25.0226852024,121.648139427
885,25.0218527662,121.647015128
886,25.0217299774,121.646706405
887,25.0216955629,121.646316091
888,25.0217597134,121.646096281
889,25.0218617795,121.645980706
890,25.0228297482,121.645522871
891,25.0230425552,121.645372887
892,25.023584045,121.644894546
893,25.023758892,121.644649923
894,25.0238113191,121.644530676
895,25.0239900037,121.643921321
896,25.0243015438,121.643382012
897,25.0245763855,121.642977821
898,25.0245611846,121.642839337
899,25.024400128,121.64250502
900,25.0242226292,121.641865011
901,25.0240092918,121.641615888
902,25.0235409228,121.64084247
903,25.0235098251,121.640726196
904,25.0235149902,121.640575126
905,25.0238116866,121.638236157
906,25.024070917,121.637785432
907,25.0241142329,121.6376841
908,25.0241306509,121.637539584
909,25.024074714,121.637425969
910,25.0238838518,121.637197405
911,25.023789927,121.63699504
912,25.0237507247,121.636662912
913,25.023534198,121.636101982
914,25.0234602853,121.635969387
915,25.0232355731,121.635739104
916,25.0232178393,121.63566377
917,25.0232587693,121.635592458
918,25.0235994379,121.635623936
919,25.023863229,121.635688461
920,25.0239783859,121.63567636
921,25.0240395062,121.635633943
922,25.024105823,121.635431478
923,25.0241595062,121.635016535
924,25.024314509,121.634658777
925,25.0244213575,121.6344785
926,25.0247160988,121.634165426
927,25.0248252921,121.633964416
928,25.0249750807,121.633770117
929,25.024978632,121.63346669
930,25.025282679,121.633087709
931,25.0255624385,121.632582578
932,25.0256085087,121.632419327
933,25.0255467611,121.63207903
934,25.0251322233,121.631372491
935,25.0247232967,121.630937838
936,25.0244780202,121.630765358
937,25.023405564,121.630325466
938,25.0232048984,121.63027676
939,25.0224307073,121.630287666
940,25.0222074591,121.630242559
941,25.0212351054,121.629614631
942,25.0209787729,121.629386989
943,25.0206815228,121.629228184
944,25.02009783,121.629023952
945,25.0199604511,121.628953897
946,25.0198728093,121.628863973
947,25.0195840004,121.628310137
948,25.019517249,121.628083463
949,25.0195071607,121.627800109
950,25.0195889665,121.627133912
951,25.0195155495,121.626881818
952,25.0193626884,121.626736142
953,25.0190250214,121.626526981
954,25.0186427736,121.62618539
955,25.0182891464,121.625478908
956,25.018171882,121.624918215
957,25.0180871773,121.624666069
958,25.017847826,121.624155228
959,25.0177225207,121.623896686
960,25.0173473252,121.623486097
961,25.0172557151,121.62326519
962,25.0172503162,121.622938209
963,25.0173789641,121.622448116
964,25.017836031,121.621632412
965,25.0179645214,121.621129933
966,25.0180282943,121.620991855
967,25.0181032734,121.620872411
968,25.0183390456,121.620622187
969,25.0183915853,121.620471357
970,25.0184079865,121.620326851
971,25.0183864161,121.620087407
972,25.0182971092,121.619854433
973,25.018153529,121.619645961
974,25.0181094912,121.619381636
975,25.0181263902,121.619117309
976,25.0183149948,121.618268971
977,25.0183282152,121.617803372
978,25.018438272,121.617388726
979,25.0186335196,121.617112904
980,25.0191812908,121.616732022
981,25.0196415629,121.616224686
982,25.0196757048,121.616155498
983,25.0196878752,121.615941612
984,25.0193665012,121.61451823
985,25.0193303174,121.613989529
986,25.0191985877,121.613642718
987,25.0191476371,121.613409938
988,25.019184554,121.613215062
989,25.0192754537,121.61306442
990,25.0193685064,121.612939175
991,25.0196040602,121.612738782
992,25.019622874,121.612600475
993,25.0196054395,121.612449602
994,25.0195094783,121.612184708
995,25.0195098149,121.61210297
996,25.0195716883,121.611876013
997,25.0198785987,121.611337244
998,25.0198973265,121.611173856
999,25.0198596485,121.610456271
1000,25.0198896348,121.61029913
1001,25.0202008512,121.609809916
1002,25.0208162121,121.609454409
1003,25.0209363993,121.6093166
1004,25.0209368637,121.609203281
1005,25.0204762474,121.608697865
1006,25.0198228398,121.608424031
1007,25.0194400943,121.608193334
1008,25.0192722463,121.605632245
1009,25.0192242073,121.605235385
1010,25.0191331066,121.604882588
1011,25.0191086832,121.604228237
1012,25.0190910112,121.604133717
1013,25.0190461031,121.604076838
1014,25.0183706002,121.60368341
1015,25.0180326452,121.603537165
1016,25.0174937185,121.603415017
1017,25.0173292164,121.603351052
1018,25.0168136239,121.603040255
1019,25.0165340424,121.602969535
1020,25.0160397173,121.602979817
1021,25.0157351829,121.602940554
1022,25.0151765528,121.602704998
1023,25.0150508253,121.602540908
1024,25.0149816496,121.602345515
1025,25.0149714607,121.602074863
1026,25.0151178413,121.601597533
1027,25.015134379,121.601414944
1028,25.0150654338,121.601161962
1029,25.0147986535,121.600715132
1030,25.0147543792,121.600500973
1031,25.01478925,121.600249429
1032,25.0148876971,121.599904071
1033,25.0147774237,121.599264495
1034,25.0147495899,121.598890346
1035,25.0147952528,121.597638494
1036,25.0147372535,121.597468546
1037,25.014658588,121.597386428
1038,25.0144401914,121.597253168
1039,25.0143318818,121.597246454
1040,25.013694354,121.597507463
1041,25.0135339556,121.597544462
1042,25.013287947,121.597543271
1043,25.0131323653,121.597504744
1044,25.0128644188,121.597346168
1045,25.0124715943,121.596809576
1046,25.0121790201,121.596600416
1047,25.0119852735,121.596511551
1048,25.0114237639,121.596389332
1049,25.0109519797,121.596405939
1050,25.0105752912,121.596347462
1051,25.0096355683,121.595984408
1052,25.0091779065,121.595856194
1053,25.0086791399,121.595847595
1054,25.0077115787,121.595672695
1055,25.0070639757,121.595631799
1056,25.0069080426,121.595681513
1057,25.0066386809,121.595875256
1058,25.0063969084,121.595943131
1059,25.0059679812,121.595966446
1060,25.0053136838,121.595906636
1061,25.0045960267,121.595888004
1062,25.0043383419,121.595983661
1063,25.0042859019,121.596115602
1064,25.0043147387,121.596241434
1065,25.0044804425,121.596569468
1066,25.0045204123,121.596733125
1067,25.0045350016,121.597035041
1068,25.0044890016,121.597248745
1069,25.0043911185,121.597456005
1070,25.0041140471,121.597882513
1071,25.0034660085,121.598512169
1072,25.0032028732,121.598840293
1073,25.0028985119,121.599317126
1074,25.002626567,121.599590404
1075,25.0022373187,121.599848564
1076,25.0015704463,121.6001094
1077,25.0011788205,121.600396954
1078,25.0010363497,121.600465607
1079,25.0005259684,121.600538664
1080,25.0004222502,121.600512774
1081,24.9984677098,121.600502957
1082,24.9982560377,121.600382434
1083,24.997966573,121.599963416
1084,24.9976290922,121.599697404
1085,24.9973129395,121.599740138
1086,24.9969138119,121.599649975
1087,24.9963678529,121.599590677
1088,24.9962824404,121.599502344
1089,24.9961194056,121.599073734
1090,24.9960431757,121.598947371
1091,24.9958095635,121.598669487
1092,24.9955011446,121.598472969
1093,24.9945680952,121.598135358
1094,24.9944710462,121.598134888
1095,24.9941386649,121.598284038
1096,24.9937025623,121.598407917
1097,24.9935577384,121.598501322
1098,24.9932235318,121.599103649
1099,24.9931077937,121.599260344
1100,24.9929765081,121.599354127
1101,24.9927010821,121.599371672
1102,24.9918243608,121.599059104
1103,24.9917093819,121.59902728
1104,24.9916640904,121.599064827
1105,24.9911441781,121.599823188
1106,24.9907565837,121.600790207
1107,24.9904954763,121.601732451
1108,24.9904430326,121.601864065
1109,24.990390868,121.601926651
1110,24.9903230552,121.601951702
1111,24.9899146739,121.601917813
1112,24.9894457893,121.601777162
1113,24.9889357958,121.601755797
1114,24.9888272588,121.601805726
1115,24.9885961869,121.602018495
1116,24.9885216557,121.602030514
1117,24.9878816011,121.601801122
1118,24.9876119612,121.601504194
1119,24.9874820772,121.601251905
1120,24.9873176037,121.600622118
1121,24.9872100308,121.600432776
1122,24.9869470103,121.600173651
1123,24.9867467495,121.600021621
1124,24.9865238712,121.599882177
1125,24.9863345142,121.599824921
1126,24.9853140983,121.599888998
1127,24.9847382731,121.599961731
1128,24.9841893276,121.600084736
1129,24.9832086481,121.600369388
1130,24.9829400965,121.600361894
1131,24.9823716511,121.600283608
1132,24.9816193293,121.600468458
1133,24.9811384713,121.600497694
1134,24.9805759413,121.600633045
1135,24.9802780044,121.600637787
1136,24.979836084,121.600528858
1137,24.9796018987,121.600395557
1138,24.9794647095,121.600275416
1139,24.9789776976,121.599593968
1140,24.9787417115,121.599347379
1141,24.9786199402,121.599321716
1142,24.9781271744,121.599507823
1143,24.9778172707,121.599682436
1144,24.9773804461,121.599988593
1145,24.9769554129,121.600168832
1146,24.9768285169,121.600294188
1147,24.9766604148,121.600563886
1148,24.9760027587,121.601900255
1149,24.9759498074,121.602157819
1150,24.9759063487,121.602849365
1151,24.97567,121.603250883
1152,24.9754598391,121.603872283
1153,24.9752711898,121.604198513
1154,24.9749534594,121.604630892
1155,24.9745570449,121.604987361
1156,24.974389088,121.60521929
1157,24.9743660334,121.605338647
1158,24.9744710366,121.606156877
1159,24.974489791,121.606539829
1160,24.9744787903,121.608129403
1161,24.9745031605,121.608241255
1162,24.9747548566,121.608506501
1163,24.9747767827,121.608663837
1164,24.9745711552,121.609826264
1165,24.9744848777,121.609951808
1166,24.9742428746,121.610076273
1167,24.9742314096,121.610120168
1168,24.9743667329,121.61069342
1169,24.9745614844,121.611084054
1170,24.974605744,121.61129814
1171,24.9745712446,121.6114552
1172,24.9745190779,121.611517771
1173,24.9742201571,121.611761731
1174,24.9738573205,121.612181175
1175,24.9737639332,121.612388388
1176,24.9736874605,121.612847007
1177,24.9734102795,121.613292252
1178,24.9733934685,121.613537606
1179,24.9734153383,121.613707322
1180,24.9734375198,121.613801832
1181,24.9735854123,121.614060384
1182,24.9735780963,121.614192506
1183,24.9734144531,121.61446932
1184,24.9733102198,121.614569394
1185,24.9726442185,121.615163735
1186,24.9722004078,121.615513741
1187,24.9715717622,121.616353168
1188,24.9711441873,121.617143357
1189,24.9708846084,121.617695446
1190,24.9708613615,121.617858747
1191,24.9708828076,121.618129355
1192,24.970847649,121.61844363
1193,24.97067842,121.618977285
1194,24.9705055618,121.619297371
1195,24.9702447135,121.619610513
1196,24.970016114,121.619766593
1197,24.9694351298,121.619996113
1198,24.9693606262,121.620002238
1199,24.9692231931,121.619944911
1200,24.9688926629,121.619647691
1201,24.9687507933,121.619571465
1202,24.9686063791,121.619564549
1203,24.9682153904,121.619694437
1204,24.967745568,121.619786477
1205,24.9673732623,121.619765733
1206,24.9671953354,121.619676949
1207,24.9671684634,121.619626368
1208,24.9670559242,121.619009609
1209,24.9668351603,121.618366937
1210,24.9668251026,121.618071325
1211,24.966889261,121.617838911
1212,24.9670845499,121.617550823
1213,24.9674928504,121.617055817
1214,24.9675114498,121.61692407
1215,24.967430828,121.616772636
1216,24.9670265231,121.616303911
1217,24.9668903317,121.615946083
1218,24.9667760634,121.615744344
1219,24.966160848,121.614974068
1220,24.9664155409,121.614509862
1221,24.9664672675,121.614006892
1222,24.9664348142,121.613667223
1223,24.9662084752,121.613276149
1224,24.9661458787,121.613131308
1225,24.9660882871,121.61286672
1226,24.9660099954,121.612696736
1227,24.9653875243,121.612070971
1228,24.965332051,121.611290796
1229,24.96496997,121.610427719
1230,24.9643191836,121.609518969
1231,24.9640584674,121.60925339
1232,24.9635006964,121.60877807
1233,24.9631882467,121.608469221
1234,24.9630917379,121.608336909
1235,24.9630360872,121.608147854
1236,24.9630374732,121.607808365
1237,24.9630952612,121.607473792
1238,24.9631194382,121.607079327
1239,24.9630211584,121.606274203
1240,24.9630614953,121.60579007
1241,24.9629629523,121.605047769
1242,24.9628529541,121.604902395
1243,24.9626595525,121.604731824
1244,24.9625518127,121.604586463
1245,24.9624601173,121.604380211
1246,24.9623846015,121.604079647
1247,24.9622991216,121.603453462
1248,24.9622476977,121.603333753
1249,24.9621152071,121.603169392
1250,24.9617438957,121.602903599
1251,24.9614995777,121.602487399
1252,24.961169598,121.602064288
1253,24.96093735,121.601453187
1254,24.9608910469,121.601182791
1255,24.9609219094,121.600805383
1256,24.9609630904,121.600667248
1257,24.9611701622,121.600247056
1258,24.961263985,121.599926899
1259,24.9612020166,121.599623002
1260,24.9610793811,121.599251657
1261,24.9610664156,121.599108309
1262,24.9610780918,121.599010881
1263,24.9612515731,121.598524298
1264,24.9612587731,121.598417563
1265,24.9611962128,121.598260049
1266,24.960865643,121.597962903
1267,24.9606028523,121.597647209
1268,24.9604940338,121.597206305
1269,24.9605058973,121.597061836
1270,24.9605766408,121.596867211
1271,24.9610186178,121.596397702
1272,24.9611730976,121.596144989
1273,24.9612396216,121.595876683
1274,24.9612658487,121.595526485
1275,24.9613349431,121.595179276
1276,24.9615415979,121.594859654
1277,24.9617860102,121.594692475
1278,24.9621274281,121.594535352
1279,24.9631158566,121.59399306
1280,24.9635344316,121.593731083
1281,24.9640295403,121.593519609
1282,24.9641721755,121.593407022
1283,24.9642313559,121.593281659
1284,24.9641306234,121.592513975
1285,24.9639387608,121.591953207
1286,24.9640820669,121.591671026
1287,24.9645850139,121.591189402
1288,24.9646282962,121.591088717
1289,24.9644356768,121.590716732
1290,24.9638205617,121.589889958
1291,24.9637422268,121.589153952
1292,24.9635039184,121.58892009
1293,24.9633782551,121.58873721
1294,24.9633583215,121.588641177
1295,24.9633839118,121.588447872
1296,24.9637014869,121.588040561
1297,24.9636620061,121.58775101
1298,24.9634706443,121.587058415
1299,24.963444129,121.586341538
1300,24.9632049439,121.585755491
1301,24.9632347537,121.585636171
1302,24.9633616349,121.585510815
1303,24.9638543487,121.585330862
1304,24.964159914,121.585106076
1305,24.9643548959,121.584880457
1306,24.9645525527,121.584548081
1307,24.9645938669,121.584372182
1308,24.9645830901,121.583667748
1309,24.9647030579,121.583001379
1310,24.9647988859,121.58215911
1311,24.9651687984,121.581060323
1312,24.9654168059,121.580545887
1313,24.9658390089,121.579925181
1314,24.9663925228,121.579198312
1315,24.9664607419,121.57906648
1316,24.9666070164,121.578595504
1317,24.9666312458,121.578167902
1318,24.9665006292,121.577513346
1319,24.9665017751,121.577217792
1320,24.966608294,121.576520394
1321,24.9668506073,121.575723968
1322,24.9668999011,121.575232418
1323,24.966897378,121.574716797
1324,24.9668460298,121.57457172
1325,24.966724377,121.574514518
1326,24.9661911988,121.574656883
1327,24.9660760755,121.574662539
1328,24.9659160059,121.574617848
1329,24.9652919715,121.574325582
1330,24.9648363969,121.573656837
1331,24.9641393343,121.572986984
1332,24.9640496398,121.57283585
1333,24.9639917578,121.572652984
1334,24.9640050008,121.572143623
1335,24.9640873099,121.571867321
1336,24.9642827974,121.571503644
1337,24.9644431266,121.570303247
1338,24.9643865915,121.569743119
1339,24.9640874908,121.568873928
1340,24.9640664838,121.568464996
1341,24.9641232825,121.567182418
1342,24.9640840957,121.566804969
1343,24.9639596483,121.566294979
1344,24.9639939566,121.566175673
1345,24.9642409093,121.565925187
1346,24.9643521875,121.565743406
1347,24.9643345392,121.565636239
1348,24.9641170576,121.565257976
1349,24.9640836106,121.565151048
1350,24.9640909547,121.565000051
1351,24.9645806052,121.564430037
1352,24.9646784367,121.564222814
1353,24.96463575,121.563575471
1354,24.9647681479,121.563179305
1355,24.9647982477,121.562978273
1356,24.964789542,121.562349345
1357,24.9646590456,121.561644352
1358,24.9646831316,121.561242119
1359,24.9653513921,121.560584695
1360,24.9656683457,121.560321825
1361,24.9658401751,121.560240894
1362,24.9662874334,121.560136143
1363,24.9664592852,121.560048717
1364,24.9666202318,121.55986096
1365,24.966736561,121.559534351
1366,24.9674150565,121.55915395
1367,24.9683043386,121.558535254
1368,24.9686793531,121.558436362
1369,24.9693703841,121.558323724
1370,24.9702948992,121.557937923
1371,24.9714418998,121.557804744
1372,24.9718779439,121.55768105
1373,24.9722465663,121.557481248
1374,24.9723326558,121.557393737
1375,24.9725802548,121.556967111
1376,24.9730284295,121.556616901
1377,24.9732354232,121.556184207
1378,24.9733100887,121.556134401
1379,24.9736015035,121.556060192
1380,24.9739445685,121.556055543
1381,24.9743195609,121.555962828
1382,24.9749797364,121.555651326
1383,24.9751468757,121.555617102
1384,24.9759672291,121.555322412
1385,24.9765521998,121.555205563
1386,24.976703707,121.554520653
1387,24.9767676043,121.554332133
1388,24.9768880363,121.554112603
1389,24.9770943005,121.553874577
1390,24.9773951487,121.553691139
1391,24.9778807982,121.553578791
1392,24.9790264783,121.553192988
1393,24.9792771836,121.553142109
1394,24.9800220165,121.55312656
1395,24.9805210856,121.553047074
1396,24.980848308,121.553054732
1397,24.9812836273,121.553125952
1398,24.9819307726,121.553286089
1399,24.9826300153,121.553396007
1400,24.984284754,121.553894035
1401,24.984638899,121.553946079
1402,24.9848398328,121.553928094
1403,24.9851155727,121.553822539
1404,24.9852309792,121.553741026
1405,24.9859329575,121.553115177
1406,24.9867071725,121.55260295
1407,24.987060573,121.552247633
1408,24.987178557,121.552079769
1409,24.9873310401,121.551737791
1410,24.9873657331,121.551511361
1411,24.9873549376,121.551379452
1412,24.9872192939,121.550831581
1413,24.9870504163,121.550725276
1414,24.98684751,121.550666489
1415,24.9867887609,121.550685109
1416,24.9866865711,121.550854281
1417,24.9865078572,121.550966776
1418,24.9863361479,121.551016462
1419,24.9859275552,121.551039715
1420,24.9855735489,121.55094992
1421,24.9853955798,121.550861219
1422,24.9851052776,121.550633346
1423,24.9841161935,121.549559823
1424,24.9837414035,121.548985835
1425,24.983627622,121.548626894
1426,24.9833942176,121.547656411
1427,24.9832832456,121.547147058
1428,24.9832795398,121.546926654
1429,24.9833275656,121.546140973
1430,24.98338528,121.545788983
1431,24.9834903649,121.545443704
1432,24.9836974716,121.544972894
1433,24.9838879489,121.544728276
1434,24.9840667274,121.544596892
1435,24.9845191903,121.544303282
1436,24.9847949446,121.544191516
1437,24.9851449266,121.544148795
1438,24.9855756952,121.544232717
1439,24.9867136826,121.544715653
1440,24.9869729729,121.544785823
1441,24.9874654366,121.544662319
1442,24.9877299326,121.544544002
1443,24.9880579888,121.544325364
1444,24.9882007474,121.544168744
1445,24.9882717007,121.543898519
1446,24.9882655733,121.543722361
1447,24.9878697708,121.541015888
1448,24.9877306052,121.53956232
1449,24.9877542898,121.539254435
1450,24.9878556896,121.538676043
1451,24.9879904948,121.538220993
1452,24.9881908876,121.537727846
1453,24.9885771268,121.537018826
1454,24.9886860014,121.536868245
1455,24.9893188839,121.536606956
1456,24.9896327062,121.536576745
1457,24.9901400945,121.536693479
1458,24.9913980913,121.537083111
1459,24.991871932,121.53711891
1460,24.9922580905,121.537059919
1461,24.9929857394,121.536811418
1462,24.9935328083,121.536568629
1463,24.9941525081,121.536212859
1464,24.9946708928,121.535787306
1465,24.9950492986,121.535373833
1466,24.9951151413,121.535265774
1467,24.9951134669,121.535103562
1468,24.9950169154,121.53496477
1469,24.9940184006,121.534593631
1470,24.9935629611,121.53446165
1471,24.9932182122,121.534302907
1472,24.9921739161,121.53348057
1473,24.9908615139,121.532067402
1474,24.9881766415,121.529294759
1475,24.9874080102,121.528385769
1476,24.9870419037,121.527887092
1477,24.9869906704,121.52769651
1478,24.9870030867,121.527377432
1479,24.9870457141,121.526811787
1480,24.987131832,121.526711246
1481,24.9872063974,121.526686491
1482,24.9885926571,121.527176822
1483,24.98917921,121.527245256
1484,24.989783662,121.527358032
1485,24.9911410057,121.527734957
1486,24.9913190595,121.527804748
1487,24.9923301646,121.528444258
1488,24.9942942238,121.529572314
1489,24.9952312465,121.530098553
1490,24.9954273532,121.530168426
1491,24.9965542004,121.530626456
1492,24.9981338221,121.53132852
1493,24.9984513079,121.531537602
1494,24.9992064785,121.531792531
1495,25.0001574565,121.532205596
1496,25.0008202608,121.532415866
1497,25.0015779945,121.532589091
1498,25.0020923335,121.532660654
1499,25.0050919562,121.532642009
1500,25.006466785,121.532553514
1501,25.0070177337,121.532486851
1502,25.0076841459,121.532319758
1503,25.0080389628,121.532189089
1504,25.0086359318,121.531877201
1505,25.0088259706,121.531752322
1506,25.0091950065,121.531433163
1507,25.0095462351,121.531044574
1508,25.00970736,121.530799751
1509,25.0098165699,121.530555013
1510,25.0099104305,121.530184201
1511,25.0100222399,121.529209425
1512,25.0101913174,121.528631498
1513,25.0107395648,121.527419565
1514,25.011384499,121.526308658
1515,25.0116793325,121.525907422
1516,25.0132476575,121.524718686
1517,25.0140716919,121.524017505
1518,25.014920659,121.523354189
1519,25.0170199405,121.521991752
1520,25.0174385634,121.521685153
1521,25.0179320912,121.521259327
1522,25.0183194039,121.520870825
1523,25.0188541945,121.520262793
1524,25.0192170059,121.519780053
1525,25.0195915436,121.51917134
1526,25.0199370004,121.518486948
1527,25.0202328021,121.517802345
1528,25.0213734679,121.514302315
1529,25.0215959126,121.513321986
1530,25.0217412496,121.512410072
1531,25.02180644,121.511831616
1532,25.0218200421,121.511158199
1533,25.0217145689,121.510324201
1534,25.0214379713,121.509369975
1535,25.0212721842,121.509010416
1536,25.0211128261,121.508750586
1537,25.020930867,121.508499338
1538,25.0191906582,121.506530304
1539,25.0183336169,121.505683652
1540,25.0177328636,121.505133756
1541,25.0160247449,121.503679605
1542,25.0143546238,121.502358105
1543,25.0133370168,121.501604979
1544,25.0128216625,121.501162598
1545,25.0119242999,121.500222036
1546,25.011102115,121.499072177
1547,25.0101662845,121.497482838
1548,25.0097022482,121.49653818
1549,25.0094629177,121.495889498
1550,25.0093159304,121.495297229
1551,25.0092215202,121.494504232
1552,25.009200582,121.494013408
1553,25.0092305485,121.493126475
1554,25.0093578129,121.492862878
1555,25.0094847454,121.492699595
1556,25.0100820777,121.492249003
1557,25.0105072996,121.491973899
1558,25.0110702975,121.491667756
1559,25.0116562195,121.491254884
1560,25.0128535456,121.49022797
1561,25.0131351489,121.489700554
1562,25.0131610948,121.489569249
1563,25.0139711578,121.488919106
1564,25.0146958022,121.488525032
1565,25.0154415739,121.488177736
1566,25.0158649973,121.48814546
1567,25.0160546486,121.488131003
1568,25.0162263013,121.488117918
1569,25.0166608606,121.487991367
1570,25.0171657512,121.487904353
1571,25.0180166674,121.487931154
1572,25.0187821954,121.48805093
1573,25.0196327356,121.488194395
1574,25.0207170745,121.488408838
1575,25.0214847576,121.488493444
1576,25.0219184978,121.488590392
1577,25.0231842355,121.488725453
1578,25.0232948941,121.488705767
1579,25.0281409766,121.486559684
1580,25.0293662106,121.485971823
1581,25.0295853151,121.485919425
1582,25.032741678,121.486293552
1583,25.0330866703,121.486395557
1584,25.0357242297,121.487362475
1585,25.0359834151,121.487476837
1586,25.038030789,121.488781266
1587,25.0384832281,121.48915437
1588,25.0389286881,121.489590316
1589,25.0393965717,121.490070331
1590,25.040149828,121.490935498
1591,25.0411477444,121.492209204
1592,25.0417385395,121.493056404
1593,25.0420728504,121.493655449
1594,25.0449593778,121.499828437
1595,25.0452287612,121.500263731
1596,25.0459927594,121.501273674
1597,25.0463123209,121.501551849
1598,25.0469765318,121.502032735
1599,25.0480454165,121.502984486
1600,25.04818961,121.50306064
1601,25.0483278379,121.503219361
1602,25.0495255067,121.50370699
1603,25.0496492041,121.503746706
1604,25.0508786959,121.50414146
1605,25.0518938294,121.504374382
1606,25.0536637055,121.504810811
1607,25.0549651878,121.50510211
1608,25.0567094033,121.505423829
1609,25.0576210234,121.505456166
1610,25.0582421265,121.50551118
1611,25.0587538198,121.505413688
1612,25.0593339064,121.505407704
1613,25.060759531,121.50565484
1614,25.0627325479,121.506217306
1615,25.0646354167,121.506829131
1616,25.0698574994,121.507045772
1617,25.0702863245,121.507050011
1618,25.0711578476,121.506961914
1619,25.0730084549,121.506347746
1620,25.0739228945,121.506246804
1621,25.0747202156,121.506073822
1622,25.0766479217,121.505351603
1623,25.0779297395,121.504739782
1624,25.0783998143,121.504559249
1625,25.0800763222,121.50403112
1626,25.0832005296,121.502482774
1627,25.087147987,121.499817213
1628,25.0874920211,121.499528941
1629,25.0879065052,121.499096272
1630,25.0918782851,121.494529371
1631,25.0928165366,121.493330718
1632,25.0934895255,121.492527561
1633,25.094742208,121.491147645
1634,25.0956344428,121.490244641
1635,25.0966645117,121.489292602
1636,25.0971471122,121.488726906
1637,25.0975784962,121.487949383
1638,25.0987674457,121.486031831
1639,25.0990386376,121.485233511
1640,25.0998147427,121.483259469
1641,25.100103382,121.482643709
1642,25.1003121849,121.482286973
1643,25.1007892315,121.481337932
1644,25.1008713395,121.481073958
1645,25.1013441121,121.478651895
1646,25.1014021799,121.478142116
1647,25.1014712086,121.476329169
1648,25.1014823207,121.4749755
1649,25.1015853985,121.473168896
1650,25.1015762142,121.470379669
1651,25.1016248225,121.469284566
1652,25.101626373,121.467364175
1653,25.1016588649,121.466363199
1654,25.1017160211,121.466130416
1655,25.102595167,121.463753844
1656,25.1031537906,121.462666859
1657,25.1036169279,121.461799806
1658,25.1039095905,121.461316003
1659,25.1047912421,121.460135701
1660,25.1072221809,121.457910462
1661,25.1077449666,121.457452898
1662,25.108088788,121.457208412
1663,25.1085360208,121.45709698
1664,25.1088588487,121.457072774
1665,25.1091792258,121.457111768
1666,25.1096346963,121.457257235
1667,25.1105409166,121.45761446
1668,25.1112484939,121.457979318
1669,25.1115030197,121.45814666
1670,25.1122009447,121.458712589
1671,25.1127304116,121.459014203
1672,25.1135144597,121.459464262
1673,25.1152044689,121.460351848
1674,25.1161822432,121.460922264
1675,25.1186175687,121.460200573
1676,25.1189158658,121.460082075
1677,25.1196273909,121.459902222
1678,25.1208017417,121.459679785
1679,25.1218748004,121.45936896
1680,25.122012633,121.459319274
1681,25.1229577316,121.458784843
1682,25.1229494895,121.459987481
1683,25.1229929651,121.461249809
1684,25.1230218555,121.461394635
1685,25.1231297623,121.461533559
1686,25.1233712219,121.461547171
1687,25.1235534535,121.461736577
1688,25.1235928044,121.462146086
1689,25.1237324037,121.462976802
1690,25.1239201423,121.463569395
1691,25.1239079248,121.463867461
1692,25.1242472134,121.464823831
1693,25.1242765347,121.464830139
1694,25.1246090215,121.464604863
1695,25.1247242695,121.464559743
1696,25.1251368186,121.464713774
1697,25.1253534297,121.464733496
1698,25.1259042454,121.46469932
1699,25.1269622682,121.464405817
1700,25.1275697405,121.464301199
1701,25.1278561653,121.464371392
1702,25.1280040681,121.464441368
1703,25.1284905883,121.464758071
1704,25.1287658614,121.464784217
1705,25.1299562987,121.465185406
1706,25.1313365213,121.465524411
1707,25.1316925675,121.465702099
1708,25.1321312336,121.466163679
1709,25.1323768273,121.466296638
1710,25.1327618784,121.466581673
1711,25.1330110736,121.467004417
1712,25.1331439571,121.467093249
1713,25.1333710562,121.467364983
1714,25.1337085501,121.467699741
1715,25.1340643173,121.467965768
1716,25.134195042,121.46802298
1717,25.1343590398,121.468264724
1718,25.1345437194,121.468389398
1719,25.1349970058,121.468506729
1720,25.1352200958,121.468618843
1721,25.1355105659,121.468834107
1722,25.1357579977,121.469099419
1723,25.1359849535,121.469415168
1724,25.136509831,121.470443651
1725,25.1368714017,121.471011896
1726,25.1373187698,121.471570244
1727,25.1379040651,121.472048855
1728,25.1383322607,121.472247928
1729,25.1387044277,121.472322503
1730,25.1390019644,121.472443592
1731,25.1391687206,121.472526055
1732,25.1395221415,121.472816894
1733,25.1398708468,121.473170942
1734,25.1404032301,121.473960234
1735,25.1411603076,121.474851137
1736,25.1413786244,121.475041049
1737,25.1418808917,121.475364094
1738,25.1421622419,121.475604773
1739,25.1425891191,121.476210822
1740,25.1428072926,121.47644475
1741,25.1430304063,121.476546349
1742,25.1434659959,121.47654804
1743,25.1436960819,121.476586747
1744,25.1438087672,121.476637706
1745,25.1439348118,121.476745129
1746,25.144112257,121.477010515
1747,25.1442935483,121.477483584
1748,25.1447164125,121.477932183
1749,25.1459910276,121.479505521
1750,25.1464407852,121.480011266
1751,25.1466248946,121.480307993
1752,25.1468743934,121.480623889
1753,25.1474415884,121.481104687
1754,25.1480018054,121.481648383
1755,25.1496061357,121.482457178
1756,25.1500656263,121.482742292
1757,25.1502366197,121.482906938
1758,25.1506387928,121.483465841
1759,25.1508269581,121.483901158
1760,25.1508719203,121.48456219
1761,25.1507935458,121.486439385
1762,25.1508112289,121.486552907
1763,25.1510965741,121.486944295
1764,25.1513097141,121.487330749
1765,25.1514086527,121.487442425
1766,25.1515212788,121.487510135
1767,25.1518240274,121.487414009
1768,25.1522613096,121.48758654
1769,25.1523944078,121.487605359
1770,25.1528030782,121.487555836
1771,25.1529924545,121.487619514
1772,25.1534716632,121.48808143
1773,25.1539359465,121.488278563
1774,25.154163004,121.488550083
1775,25.1543993571,121.488740114
1776,25.1556335504,121.489532393
1777,25.1559084385,121.489672053
1778,25.1561384037,121.489745507
1779,25.15643988,121.49003438
1780,25.1572300833,121.490634888
1781,25.1574508034,121.490773404
1782,25.1577618192,121.490907634
1783,25.1587842584,121.491575734
1784,25.1590999581,121.491658525
1785,25.159631868,121.491878274
1786,25.1600057831,121.49210111
1787,25.1604807999,121.492461993
1788,25.160730354,121.492752843
1789,25.1610538435,121.493206742
1790,25.1616440098,121.494230255
1791,25.1620190017,121.494811474
1792,25.1625633201,121.495368581
1793,25.1629008692,121.49566538
1794,25.1631049817,121.4960441
1795,25.1635887975,121.497142865
1796,25.1638737034,121.497657085
1797,25.1643416462,121.498103538
1798,25.1647058485,121.498526319
1799,25.1650456638,121.498818182
1800,25.1655705275,121.499116688
1801,25.1662985753,121.499396806
1802,25.167480337,121.499657384
1803,25.1680503757,121.499944615
1804,25.1683025927,121.500110261
1805,25.1686107711,121.500413171
1806,25.1687361779,121.500703549
1807,25.1687690507,121.500993552
1808,25.1687981993,121.501050098
1809,25.1691286,121.501454782
1810,25.1692137891,121.501624405
1811,25.1693283992,121.501770585
1812,25.169558144,121.501907313
1813,25.169785988,121.501938939
1814,25.170194668,121.501887598
1815,25.1712314466,121.501639792
1816,25.1713689471,121.50169058
1817,25.1714724676,121.501779361
1818,25.1717466337,121.502127095
1819,25.1719064277,121.502259819
1820,25.1724379894,121.502576987
1821,25.1726858849,121.502685275
1822,25.1728460627,121.502704844
1823,25.173245979,121.502575962
1824,25.1732954007,121.50264375
1825,25.1733310139,121.502790544
1826,25.1733081742,121.503533595
1827,25.1733325304,121.504365511
1828,25.1732908747,121.504667927
1829,25.1732270167,121.504862674
1830,25.1729799882,121.505162074
1831,25.1728305777,121.505294773
1832,25.1726926693,121.505363338
1833,25.172584209,121.505400714
1834,25.1723155722,121.505418519
1835,25.1718442671,121.505302487
1836,25.1715344246,121.505490943
1837,25.1712699566,121.505609522
1838,25.1711206144,121.505722376
1839,25.1710410617,121.50588574
1840,25.1710287678,121.506181141
1841,25.1711986348,121.506666722
1842,25.1712020693,121.506981719
1843,25.1710702848,121.507239427
1844,25.1706577534,121.507754838
1845,25.1704308581,121.508105154
1846,25.1703555363,121.508350687
1847,25.1696280613,121.509878242
1848,25.1694479428,121.510406695
1849,25.1693780401,121.511042877
1850,25.1693817276,121.511282225
1851,25.1698450175,121.51175663
1852,25.1703423341,121.512180646
1853,25.1707470935,121.512610791
1854,25.1708973252,121.512894777
1855,25.1709351877,121.513040339
1856,25.1709812305,121.513430542
1857,25.1709802679,121.513708008
1858,25.1709270919,121.514072994
1859,25.1705206292,121.515450861
1860,25.1702522306,121.516048062
1861,25.1701858783,121.516306334
1862,25.1700377426,121.517364098
1863,25.1699323625,121.517810694
1864,25.1692857964,121.519408249
1865,25.1692217201,121.519659708
1866,25.1692434473,121.519899439
1867,25.1692883444,121.519968762
1868,25.1694436938,121.520076376
1869,25.1701917914,121.520418704
1870,25.1713402754,121.52114344
1871,25.1715725601,121.521194342
1872,25.172139076,121.521186519
1873,25.1722902018,121.521211654
1874,25.1725630693,121.521274199
1875,25.1728605151,121.521407533
1876,25.1732681476,121.521655115
1877,25.1739364723,121.522216931
1878,25.1741683922,121.522371073
1879,25.174603411,121.52253197
1880,25.1748967598,121.52254686
1881,25.1750774228,121.522516008
1882,25.1753849011,121.522364167
1883,25.1758746263,121.522372144
1884,25.1760620779,121.52233574
1885,25.1762813429,121.522239014
1886,25.1766365309,121.521998084
1887,25.1767742898,121.521973247
1888,25.1769930073,121.522030915
1889,25.1773015871,121.522206776
1890,25.1775473078,121.522287502
1891,25.1779083046,121.522318494
1892,25.178220141,121.522211002
1893,25.1788220031,121.521780443
1894,25.1790502143,121.521705768
1895,25.1791314169,121.521718824
1896,25.1799876025,121.522768231
1897,25.180671005,121.523532921
1898,25.1827354756,121.525640119
1899,25.1829353746,121.525911953
1900,25.183000317,121.526055164
1901,25.1831338613,121.52658064
1902,25.1832215579,121.52730559
1903,25.1832272733,121.527601708
1904,25.1831617655,121.528250347
1905,25.1830399032,121.528878902
1906,25.1830315739,121.529314476
1907,25.1832749583,121.530046612
1908,25.1834855125,121.530491818
1909,25.1836345922,121.531086509
1910,25.1836284264,121.532801652
1911,25.1835975157,121.533237751
1912,25.1836149522,121.533409592
1913,25.1842934069,121.534300829
1914,25.1845492022,121.534714307
1915,25.1848465684,121.534865051
1916,25.1857584778,121.535456888
1917,25.1865113277,121.535721864
1918,25.1866149615,121.535772546
1919,25.1866733895,121.535842254
1920,25.1867570975,121.536409705
1921,25.1868933956,121.536788257
1922,25.1869866987,121.537198246
1923,25.186993148,121.537286333
1924,25.1869224234,121.537495617
1925,25.1868601762,121.537856556
1926,25.1868518843,121.538274783
1927,25.1869645534,121.538943133
1928,25.1870783924,121.539290275
1929,25.1871081538,121.539793312
1930,25.1870752617,121.540148489
1931,25.1870965473,121.540499877
1932,25.1871656122,121.540746054
1933,25.1873877314,121.541105458
1934,25.1877586846,121.541498386
1935,25.1886318585,121.542182822
1936,25.1887754899,121.542403909
1937,25.1888147744,121.542769333
1938,25.1888823198,121.542813969
1939,25.190247544,121.54287025
1940,25.1910965903,121.542748128
1941,25.1914170443,121.542755748
1942,25.1924652164,121.543107049
1943,25.1931601322,121.543164704
1944,25.1937488455,121.543257546
1945,25.194023743,121.543378453
1946,25.1941649782,121.543637367
1947,25.1948622918,121.544308366
1948,25.1954277703,121.544581885
1949,25.1956279586,121.544765414
1950,25.1957199796,121.544904429
1951,25.195937157,121.545377956
1952,25.1962828092,121.545896091
1953,25.1964561227,121.546023067
1954,25.1968323454,121.546207385
1955,25.1969425831,121.546302451
1956,25.1970321149,121.546504405
1957,25.197078738,121.546712677
1958,25.1970133325,121.547310846
1959,25.1970759189,121.547474849
1960,25.1971320851,121.547544558
1961,25.1976748939,121.547843117
1962,25.1978819898,121.547988853
1963,25.1979785926,121.548108978
1964,25.1980681661,121.548298533
1965,25.1981774468,121.548651277
1966,25.1981882842,121.54877164
1967,25.1981468882,121.548979522
1968,25.1980378581,121.549167875
1969,25.1974554551,121.549808065
1970,25.1971204599,121.550676034
1971,25.1976672251,121.551728128
1972,25.1978200252,121.551907735
1973,25.1979415892,121.551990455
1974,25.1980948916,121.552035177
1975,25.1986349508,121.552463365
1976,25.1988646395,121.552601148
1977,25.1990451048,121.552624599
1978,25.1996255085,121.552523337
1979,25.199824136,121.552518033
1980,25.2006204139,121.552627988
1981,25.2008259082,121.552597285
1982,25.2009615525,121.552535261
1983,25.2011358505,121.552397126
1984,25.2016075393,121.551794261
1985,25.2018226177,121.551614134
1986,25.202008046,121.551516977
1987,25.2022112278,121.551500839
1988,25.2031677104,121.551620195
1989,25.2034946342,121.551708186
1990,25.2035913265,121.551803203
1991,25.2036938963,121.552137331
1992,25.2039046474,121.552511954
1993,25.2040431316,121.552898342
1994,25.2042003447,121.553104028
1995,25.2044324482,121.55319966
1996,25.2048656027,121.553245651
1997,25.2050369115,121.553303172
1998,25.2057383751,121.554022066
1999,25.2058758169,121.554132466
2000,25.206254217,121.554335748
2001,25.2067637978,121.554463961
2002,25.2073610152,121.554694282
2003,25.2083958829,121.554975594
2004,25.2084408776,121.555013633
2005,25.2085145976,121.555215539
2006,25.2085920911,121.555614695
2007,25.2086402683,121.556006896
2008,25.2086756837,121.556791641
2009,25.2087157854,121.556930441
2010,25.2092789334,121.557815278
2011,25.2097171267,121.55831966
2012,25.2101314585,121.559165998
2013,25.2101775044,121.559522221
2014,25.2101627603,121.559840333
2015,25.2097519139,121.561054723
2016,25.2096299054,121.561684315
2017,25.209545582,121.562493326
2018,25.209522712,121.5625723
2019,25.2094139278,121.562691504
2020,25.2090027467,121.562803115
2021,25.2082893339,121.562862786
2022,25.2074921314,121.562997739
2023,25.2066649441,121.563302491
2024,25.2058042834,121.56350661
2025,25.205535067,121.563675619
2026,25.2051320167,121.564120928
2027,25.2047879366,121.564390369
2028,25.2034844156,121.564724536
2029,25.202824491,121.564961197
2030,25.2020949145,121.565115357
2031,25.2019550259,121.565104788
2032,25.2012586703,121.564833963
2033,25.2011458988,121.564814839
2034,25.201012647,121.564839341
2035,25.2009220574,121.564920786
2036,25.2004364349,121.565611596
2037,25.2002938429,121.565718226
2038,25.2000227015,121.565798838
2039,25.1998281061,121.565930035
2040,25.1996557367,121.56615002
2041,25.1995578953,121.566357329
2042,25.1992786665,121.567370638
2043,25.1989410195,121.568314214
2044,25.1987912189,121.568533988
2045,25.1984922675,121.568803615
2046,25.198424126,121.568916789
2047,25.1983898588,121.56902361
2048,25.1983077141,121.569842777
2049,25.1981464653,121.570104357
2050,25.1975481664,121.570744683
2051,25.1973330931,121.570917327
2052,25.1971997425,121.570966939
2053,25.1970801041,121.570972893
