"noindex","log1","lat1","log2","lat2","log3","lat3","log4","lat4","row","col","centerlog","centerlat"
1,121.557,24.96,121.562,24.96,121.557,24.965,121.562,24.965,1,21,121.5595,24.9625
2,121.562,24.96,121.567,24.96,121.562,24.965,121.567,24.965,1,22,121.5645,24.9625
3,121.567,24.96,121.572,24.96,121.567,24.965,121.572,24.965,1,23,121.5695,24.9625
4,121.572,24.96,121.577,24.96,121.572,24.965,121.577,24.965,1,24,121.5745,24.9625
5,121.577,24.96,121.582,24.96,121.577,24.965,121.582,24.965,1,25,121.5795,24.9625
6,121.582,24.96,121.587,24.96,121.582,24.965,121.587,24.965,1,26,121.5845,24.9625
7,121.587,24.96,121.592,24.96,121.587,24.965,121.592,24.965,1,27,121.5895,24.9625
8,121.592,24.96,121.597,24.96,121.592,24.965,121.597,24.965,1,28,121.5945,24.9625
9,121.597,24.96,121.602,24.96,121.597,24.965,121.602,24.965,1,29,121.5995,24.9625
10,121.602,24.96,121.607,24.96,121.602,24.965,121.607,24.965,1,30,121.6045,24.9625
11,121.607,24.96,121.612,24.96,121.607,24.965,121.612,24.965,1,31,121.6095,24.9625
12,121.557,24.965,121.562,24.965,121.557,24.97,121.562,24.97,2,21,121.5595,24.9675
13,121.562,24.965,121.567,24.965,121.562,24.97,121.567,24.97,2,22,121.5645,24.9675
14,121.567,24.965,121.572,24.965,121.567,24.97,121.572,24.97,2,23,121.5695,24.9675
15,121.572,24.965,121.577,24.965,121.572,24.97,121.577,24.97,2,24,121.5745,24.9675
16,121.577,24.965,121.582,24.965,121.577,24.97,121.582,24.97,2,25,121.5795,24.9675
17,121.582,24.965,121.587,24.965,121.582,24.97,121.587,24.97,2,26,121.5845,24.9675
18,121.587,24.965,121.592,24.965,121.587,24.97,121.592,24.97,2,27,121.5895,24.9675
19,121.592,24.965,121.597,24.965,121.592,24.97,121.597,24.97,2,28,121.5945,24.9675
20,121.597,24.965,121.602,24.965,121.597,24.97,121.602,24.97,2,29,121.5995,24.9675
21,121.602,24.965,121.607,24.965,121.602,24.97,121.607,24.97,2,30,121.6045,24.9675
22,121.607,24.965,121.612,24.965,121.607,24.97,121.612,24.97,2,31,121.6095,24.9675
23,121.612,24.965,121.617,24.965,121.612,24.97,121.617,24.97,2,32,121.6145,24.9675
24,121.617,24.965,121.622,24.965,121.617,24.97,121.622,24.97,2,33,121.6195,24.9675
25,121.552,24.97,121.557,24.97,121.552,24.975,121.557,24.975,3,20,121.5545,24.9725
26,121.557,24.97,121.562,24.97,121.557,24.975,121.562,24.975,3,21,121.5595,24.9725
27,121.562,24.97,121.567,24.97,121.562,24.975,121.567,24.975,3,22,121.5645,24.9725
28,121.567,24.97,121.572,24.97,121.567,24.975,121.572,24.975,3,23,121.5695,24.9725
29,121.572,24.97,121.577,24.97,121.572,24.975,121.577,24.975,3,24,121.5745,24.9725
30,121.577,24.97,121.582,24.97,121.577,24.975,121.582,24.975,3,25,121.5795,24.9725
31,121.582,24.97,121.587,24.97,121.582,24.975,121.587,24.975,3,26,121.5845,24.9725
32,121.587,24.97,121.592,24.97,121.587,24.975,121.592,24.975,3,27,121.5895,24.9725
33,121.592,24.97,121.597,24.97,121.592,24.975,121.597,24.975,3,28,121.5945,24.9725
34,121.597,24.97,121.602,24.97,121.597,24.975,121.602,24.975,3,29,121.5995,24.9725
35,121.602,24.97,121.607,24.97,121.602,24.975,121.607,24.975,3,30,121.6045,24.9725
36,121.607,24.97,121.612,24.97,121.607,24.975,121.612,24.975,3,31,121.6095,24.9725
37,121.612,24.97,121.617,24.97,121.612,24.975,121.617,24.975,3,32,121.6145,24.9725
38,121.617,24.97,121.622,24.97,121.617,24.975,121.622,24.975,3,33,121.6195,24.9725
39,121.552,24.975,121.557,24.975,121.552,24.98,121.557,24.98,4,20,121.5545,24.9775
40,121.557,24.975,121.562,24.975,121.557,24.98,121.562,24.98,4,21,121.5595,24.9775
41,121.562,24.975,121.567,24.975,121.562,24.98,121.567,24.98,4,22,121.5645,24.9775
42,121.567,24.975,121.572,24.975,121.567,24.98,121.572,24.98,4,23,121.5695,24.9775
43,121.572,24.975,121.577,24.975,121.572,24.98,121.577,24.98,4,24,121.5745,24.9775
44,121.577,24.975,121.582,24.975,121.577,24.98,121.582,24.98,4,25,121.5795,24.9775
45,121.582,24.975,121.587,24.975,121.582,24.98,121.587,24.98,4,26,121.5845,24.9775
46,121.587,24.975,121.592,24.975,121.587,24.98,121.592,24.98,4,27,121.5895,24.9775
47,121.592,24.975,121.597,24.975,121.592,24.98,121.597,24.98,4,28,121.5945,24.9775
48,121.597,24.975,121.602,24.975,121.597,24.98,121.602,24.98,4,29,121.5995,24.9775
49,121.602,24.975,121.607,24.975,121.602,24.98,121.607,24.98,4,30,121.6045,24.9775
50,121.542,24.98,121.547,24.98,121.542,24.985,121.547,24.985,5,18,121.5445,24.9825
51,121.547,24.98,121.552,24.98,121.547,24.985,121.552,24.985,5,19,121.5495,24.9825
52,121.552,24.98,121.557,24.98,121.552,24.985,121.557,24.985,5,20,121.5545,24.9825
53,121.557,24.98,121.562,24.98,121.557,24.985,121.562,24.985,5,21,121.5595,24.9825
54,121.562,24.98,121.567,24.98,121.562,24.985,121.567,24.985,5,22,121.5645,24.9825
55,121.567,24.98,121.572,24.98,121.567,24.985,121.572,24.985,5,23,121.5695,24.9825
56,121.572,24.98,121.577,24.98,121.572,24.985,121.577,24.985,5,24,121.5745,24.9825
57,121.577,24.98,121.582,24.98,121.577,24.985,121.582,24.985,5,25,121.5795,24.9825
58,121.582,24.98,121.587,24.98,121.582,24.985,121.587,24.985,5,26,121.5845,24.9825
59,121.587,24.98,121.592,24.98,121.587,24.985,121.592,24.985,5,27,121.5895,24.9825
60,121.592,24.98,121.597,24.98,121.592,24.985,121.597,24.985,5,28,121.5945,24.9825
61,121.597,24.98,121.602,24.98,121.597,24.985,121.602,24.985,5,29,121.5995,24.9825
62,121.522,24.985,121.527,24.985,121.522,24.99,121.527,24.99,6,14,121.5245,24.9875
63,121.527,24.985,121.532,24.985,121.527,24.99,121.532,24.99,6,15,121.5295,24.9875
64,121.532,24.985,121.537,24.985,121.532,24.99,121.537,24.99,6,16,121.5345,24.9875
65,121.537,24.985,121.542,24.985,121.537,24.99,121.542,24.99,6,17,121.5395,24.9875
66,121.542,24.985,121.547,24.985,121.542,24.99,121.547,24.99,6,18,121.5445,24.9875
67,121.547,24.985,121.552,24.985,121.547,24.99,121.552,24.99,6,19,121.5495,24.9875
68,121.552,24.985,121.557,24.985,121.552,24.99,121.557,24.99,6,20,121.5545,24.9875
69,121.557,24.985,121.562,24.985,121.557,24.99,121.562,24.99,6,21,121.5595,24.9875
70,121.562,24.985,121.567,24.985,121.562,24.99,121.567,24.99,6,22,121.5645,24.9875
71,121.567,24.985,121.572,24.985,121.567,24.99,121.572,24.99,6,23,121.5695,24.9875
72,121.572,24.985,121.577,24.985,121.572,24.99,121.577,24.99,6,24,121.5745,24.9875
73,121.577,24.985,121.582,24.985,121.577,24.99,121.582,24.99,6,25,121.5795,24.9875
74,121.582,24.985,121.587,24.985,121.582,24.99,121.587,24.99,6,26,121.5845,24.9875
75,121.587,24.985,121.592,24.985,121.587,24.99,121.592,24.99,6,27,121.5895,24.9875
76,121.592,24.985,121.597,24.985,121.592,24.99,121.597,24.99,6,28,121.5945,24.9875
77,121.597,24.985,121.602,24.985,121.597,24.99,121.602,24.99,6,29,121.5995,24.9875
78,121.602,24.985,121.607,24.985,121.602,24.99,121.607,24.99,6,30,121.6045,24.9875
79,121.527,24.99,121.532,24.99,121.527,24.995,121.532,24.995,7,15,121.5295,24.9925
80,121.532,24.99,121.537,24.99,121.532,24.995,121.537,24.995,7,16,121.5345,24.9925
81,121.537,24.99,121.542,24.99,121.537,24.995,121.542,24.995,7,17,121.5395,24.9925
82,121.542,24.99,121.547,24.99,121.542,24.995,121.547,24.995,7,18,121.5445,24.9925
83,121.547,24.99,121.552,24.99,121.547,24.995,121.552,24.995,7,19,121.5495,24.9925
84,121.552,24.99,121.557,24.99,121.552,24.995,121.557,24.995,7,20,121.5545,24.9925
85,121.557,24.99,121.562,24.99,121.557,24.995,121.562,24.995,7,21,121.5595,24.9925
86,121.562,24.99,121.567,24.99,121.562,24.995,121.567,24.995,7,22,121.5645,24.9925
87,121.567,24.99,121.572,24.99,121.567,24.995,121.572,24.995,7,23,121.5695,24.9925
88,121.572,24.99,121.577,24.99,121.572,24.995,121.577,24.995,7,24,121.5745,24.9925
89,121.577,24.99,121.582,24.99,121.577,24.995,121.582,24.995,7,25,121.5795,24.9925
90,121.582,24.99,121.587,24.99,121.582,24.995,121.587,24.995,7,26,121.5845,24.9925
91,121.587,24.99,121.592,24.99,121.587,24.995,121.592,24.995,7,27,121.5895,24.9925
92,121.592,24.99,121.597,24.99,121.592,24.995,121.597,24.995,7,28,121.5945,24.9925
93,121.597,24.99,121.602,24.99,121.597,24.995,121.602,24.995,7,29,121.5995,24.9925
94,121.527,24.995,121.532,24.995,121.527,25,121.532,25,8,15,121.5295,24.9975
95,121.532,24.995,121.537,24.995,121.532,25,121.537,25,8,16,121.5345,24.9975
96,121.537,24.995,121.542,24.995,121.537,25,121.542,25,8,17,121.5395,24.9975
97,121.542,24.995,121.547,24.995,121.542,25,121.547,25,8,18,121.5445,24.9975
98,121.547,24.995,121.552,24.995,121.547,25,121.552,25,8,19,121.5495,24.9975
99,121.552,24.995,121.557,24.995,121.552,25,121.557,25,8,20,121.5545,24.9975
100,121.557,24.995,121.562,24.995,121.557,25,121.562,25,8,21,121.5595,24.9975
101,121.562,24.995,121.567,24.995,121.562,25,121.567,25,8,22,121.5645,24.9975
102,121.567,24.995,121.572,24.995,121.567,25,121.572,25,8,23,121.5695,24.9975
103,121.572,24.995,121.577,24.995,121.572,25,121.577,25,8,24,121.5745,24.9975
104,121.577,24.995,121.582,24.995,121.577,25,121.582,25,8,25,121.5795,24.9975
105,121.582,24.995,121.587,24.995,121.582,25,121.587,25,8,26,121.5845,24.9975
106,121.587,24.995,121.592,24.995,121.587,25,121.592,25,8,27,121.5895,24.9975
107,121.592,24.995,121.597,24.995,121.592,25,121.597,25,8,28,121.5945,24.9975
108,121.597,24.995,121.602,24.995,121.597,25,121.602,25,8,29,121.5995,24.9975
109,121.532,25,121.537,25,121.532,25.005,121.537,25.005,9,16,121.5345,25.0025
110,121.537,25,121.542,25,121.537,25.005,121.542,25.005,9,17,121.5395,25.0025
111,121.542,25,121.547,25,121.542,25.005,121.547,25.005,9,18,121.5445,25.0025
112,121.547,25,121.552,25,121.547,25.005,121.552,25.005,9,19,121.5495,25.0025
113,121.552,25,121.557,25,121.552,25.005,121.557,25.005,9,20,121.5545,25.0025
114,121.557,25,121.562,25,121.557,25.005,121.562,25.005,9,21,121.5595,25.0025
115,121.562,25,121.567,25,121.562,25.005,121.567,25.005,9,22,121.5645,25.0025
116,121.567,25,121.572,25,121.567,25.005,121.572,25.005,9,23,121.5695,25.0025
117,121.572,25,121.577,25,121.572,25.005,121.577,25.005,9,24,121.5745,25.0025
118,121.577,25,121.582,25,121.577,25.005,121.582,25.005,9,25,121.5795,25.0025
119,121.582,25,121.587,25,121.582,25.005,121.587,25.005,9,26,121.5845,25.0025
120,121.587,25,121.592,25,121.587,25.005,121.592,25.005,9,27,121.5895,25.0025
121,121.592,25,121.597,25,121.592,25.005,121.597,25.005,9,28,121.5945,25.0025
122,121.597,25,121.602,25,121.597,25.005,121.602,25.005,9,29,121.5995,25.0025
123,121.492,25.005,121.497,25.005,121.492,25.01,121.497,25.01,10,8,121.4945,25.0075
124,121.497,25.005,121.502,25.005,121.497,25.01,121.502,25.01,10,9,121.4995,25.0075
125,121.502,25.005,121.507,25.005,121.502,25.01,121.507,25.01,10,10,121.5045,25.0075
126,121.507,25.005,121.512,25.005,121.507,25.01,121.512,25.01,10,11,121.5095,25.0075
127,121.512,25.005,121.517,25.005,121.512,25.01,121.517,25.01,10,12,121.5145,25.0075
128,121.517,25.005,121.522,25.005,121.517,25.01,121.522,25.01,10,13,121.5195,25.0075
129,121.522,25.005,121.527,25.005,121.522,25.01,121.527,25.01,10,14,121.5245,25.0075
130,121.527,25.005,121.532,25.005,121.527,25.01,121.532,25.01,10,15,121.5295,25.0075
131,121.532,25.005,121.537,25.005,121.532,25.01,121.537,25.01,10,16,121.5345,25.0075
132,121.537,25.005,121.542,25.005,121.537,25.01,121.542,25.01,10,17,121.5395,25.0075
133,121.542,25.005,121.547,25.005,121.542,25.01,121.547,25.01,10,18,121.5445,25.0075
134,121.547,25.005,121.552,25.005,121.547,25.01,121.552,25.01,10,19,121.5495,25.0075
135,121.552,25.005,121.557,25.005,121.552,25.01,121.557,25.01,10,20,121.5545,25.0075
136,121.557,25.005,121.562,25.005,121.557,25.01,121.562,25.01,10,21,121.5595,25.0075
137,121.562,25.005,121.567,25.005,121.562,25.01,121.567,25.01,10,22,121.5645,25.0075
138,121.567,25.005,121.572,25.005,121.567,25.01,121.572,25.01,10,23,121.5695,25.0075
139,121.572,25.005,121.577,25.005,121.572,25.01,121.577,25.01,10,24,121.5745,25.0075
140,121.577,25.005,121.582,25.005,121.577,25.01,121.582,25.01,10,25,121.5795,25.0075
141,121.582,25.005,121.587,25.005,121.582,25.01,121.587,25.01,10,26,121.5845,25.0075
142,121.587,25.005,121.592,25.005,121.587,25.01,121.592,25.01,10,27,121.5895,25.0075
143,121.592,25.005,121.597,25.005,121.592,25.01,121.597,25.01,10,28,121.5945,25.0075
144,121.487,25.01,121.492,25.01,121.487,25.015,121.492,25.015,11,7,121.4895,25.0125
145,121.492,25.01,121.497,25.01,121.492,25.015,121.497,25.015,11,8,121.4945,25.0125
146,121.497,25.01,121.502,25.01,121.497,25.015,121.502,25.015,11,9,121.4995,25.0125
147,121.502,25.01,121.507,25.01,121.502,25.015,121.507,25.015,11,10,121.5045,25.0125
148,121.507,25.01,121.512,25.01,121.507,25.015,121.512,25.015,11,11,121.5095,25.0125
149,121.512,25.01,121.517,25.01,121.512,25.015,121.517,25.015,11,12,121.5145,25.0125
150,121.517,25.01,121.522,25.01,121.517,25.015,121.522,25.015,11,13,121.5195,25.0125
151,121.522,25.01,121.527,25.01,121.522,25.015,121.527,25.015,11,14,121.5245,25.0125
152,121.527,25.01,121.532,25.01,121.527,25.015,121.532,25.015,11,15,121.5295,25.0125
153,121.532,25.01,121.537,25.01,121.532,25.015,121.537,25.015,11,16,121.5345,25.0125
154,121.537,25.01,121.542,25.01,121.537,25.015,121.542,25.015,11,17,121.5395,25.0125
155,121.542,25.01,121.547,25.01,121.542,25.015,121.547,25.015,11,18,121.5445,25.0125
156,121.547,25.01,121.552,25.01,121.547,25.015,121.552,25.015,11,19,121.5495,25.0125
157,121.552,25.01,121.557,25.01,121.552,25.015,121.557,25.015,11,20,121.5545,25.0125
158,121.557,25.01,121.562,25.01,121.557,25.015,121.562,25.015,11,21,121.5595,25.0125
159,121.562,25.01,121.567,25.01,121.562,25.015,121.567,25.015,11,22,121.5645,25.0125
160,121.567,25.01,121.572,25.01,121.567,25.015,121.572,25.015,11,23,121.5695,25.0125
161,121.572,25.01,121.577,25.01,121.572,25.015,121.577,25.015,11,24,121.5745,25.0125
162,121.577,25.01,121.582,25.01,121.577,25.015,121.582,25.015,11,25,121.5795,25.0125
163,121.582,25.01,121.587,25.01,121.582,25.015,121.587,25.015,11,26,121.5845,25.0125
164,121.587,25.01,121.592,25.01,121.587,25.015,121.592,25.015,11,27,121.5895,25.0125
165,121.592,25.01,121.597,25.01,121.592,25.015,121.597,25.015,11,28,121.5945,25.0125
166,121.597,25.01,121.602,25.01,121.597,25.015,121.602,25.015,11,29,121.5995,25.0125
167,121.602,25.01,121.607,25.01,121.602,25.015,121.607,25.015,11,30,121.6045,25.0125
168,121.487,25.015,121.492,25.015,121.487,25.02,121.492,25.02,12,7,121.4895,25.0175
169,121.492,25.015,121.497,25.015,121.492,25.02,121.497,25.02,12,8,121.4945,25.0175
170,121.497,25.015,121.502,25.015,121.497,25.02,121.502,25.02,12,9,121.4995,25.0175
171,121.502,25.015,121.507,25.015,121.502,25.02,121.507,25.02,12,10,121.5045,25.0175
172,121.507,25.015,121.512,25.015,121.507,25.02,121.512,25.02,12,11,121.5095,25.0175
173,121.512,25.015,121.517,25.015,121.512,25.02,121.517,25.02,12,12,121.5145,25.0175
174,121.517,25.015,121.522,25.015,121.517,25.02,121.522,25.02,12,13,121.5195,25.0175
175,121.522,25.015,121.527,25.015,121.522,25.02,121.527,25.02,12,14,121.5245,25.0175
176,121.527,25.015,121.532,25.015,121.527,25.02,121.532,25.02,12,15,121.5295,25.0175
177,121.532,25.015,121.537,25.015,121.532,25.02,121.537,25.02,12,16,121.5345,25.0175
178,121.537,25.015,121.542,25.015,121.537,25.02,121.542,25.02,12,17,121.5395,25.0175
179,121.542,25.015,121.547,25.015,121.542,25.02,121.547,25.02,12,18,121.5445,25.0175
180,121.547,25.015,121.552,25.015,121.547,25.02,121.552,25.02,12,19,121.5495,25.0175
181,121.552,25.015,121.557,25.015,121.552,25.02,121.557,25.02,12,20,121.5545,25.0175
182,121.557,25.015,121.562,25.015,121.557,25.02,121.562,25.02,12,21,121.5595,25.0175
183,121.562,25.015,121.567,25.015,121.562,25.02,121.567,25.02,12,22,121.5645,25.0175
184,121.567,25.015,121.572,25.015,121.567,25.02,121.572,25.02,12,23,121.5695,25.0175
185,121.572,25.015,121.577,25.015,121.572,25.02,121.577,25.02,12,24,121.5745,25.0175
186,121.577,25.015,121.582,25.015,121.577,25.02,121.582,25.02,12,25,121.5795,25.0175
187,121.582,25.015,121.587,25.015,121.582,25.02,121.587,25.02,12,26,121.5845,25.0175
188,121.587,25.015,121.592,25.015,121.587,25.02,121.592,25.02,12,27,121.5895,25.0175
189,121.592,25.015,121.597,25.015,121.592,25.02,121.597,25.02,12,28,121.5945,25.0175
190,121.597,25.015,121.602,25.015,121.597,25.02,121.602,25.02,12,29,121.5995,25.0175
191,121.602,25.015,121.607,25.015,121.602,25.02,121.607,25.02,12,30,121.6045,25.0175
192,121.607,25.015,121.612,25.015,121.607,25.02,121.612,25.02,12,31,121.6095,25.0175
193,121.612,25.015,121.617,25.015,121.612,25.02,121.617,25.02,12,32,121.6145,25.0175
194,121.617,25.015,121.622,25.015,121.617,25.02,121.622,25.02,12,33,121.6195,25.0175
195,121.622,25.015,121.627,25.015,121.622,25.02,121.627,25.02,12,34,121.6245,25.0175
196,121.627,25.015,121.632,25.015,121.627,25.02,121.632,25.02,12,35,121.6295,25.0175
197,121.487,25.02,121.492,25.02,121.487,25.025,121.492,25.025,13,7,121.4895,25.0225
198,121.492,25.02,121.497,25.02,121.492,25.025,121.497,25.025,13,8,121.4945,25.0225
199,121.497,25.02,121.502,25.02,121.497,25.025,121.502,25.025,13,9,121.4995,25.0225
200,121.502,25.02,121.507,25.02,121.502,25.025,121.507,25.025,13,10,121.5045,25.0225
201,121.507,25.02,121.512,25.02,121.507,25.025,121.512,25.025,13,11,121.5095,25.0225
202,121.512,25.02,121.517,25.02,121.512,25.025,121.517,25.025,13,12,121.5145,25.0225
203,121.517,25.02,121.522,25.02,121.517,25.025,121.522,25.025,13,13,121.5195,25.0225
204,121.522,25.02,121.527,25.02,121.522,25.025,121.527,25.025,13,14,121.5245,25.0225
205,121.527,25.02,121.532,25.02,121.527,25.025,121.532,25.025,13,15,121.5295,25.0225
206,121.532,25.02,121.537,25.02,121.532,25.025,121.537,25.025,13,16,121.5345,25.0225
207,121.537,25.02,121.542,25.02,121.537,25.025,121.542,25.025,13,17,121.5395,25.0225
208,121.542,25.02,121.547,25.02,121.542,25.025,121.547,25.025,13,18,121.5445,25.0225
209,121.547,25.02,121.552,25.02,121.547,25.025,121.552,25.025,13,19,121.5495,25.0225
210,121.552,25.02,121.557,25.02,121.552,25.025,121.557,25.025,13,20,121.5545,25.0225
211,121.557,25.02,121.562,25.02,121.557,25.025,121.562,25.025,13,21,121.5595,25.0225
212,121.562,25.02,121.567,25.02,121.562,25.025,121.567,25.025,13,22,121.5645,25.0225
213,121.567,25.02,121.572,25.02,121.567,25.025,121.572,25.025,13,23,121.5695,25.0225
214,121.572,25.02,121.577,25.02,121.572,25.025,121.577,25.025,13,24,121.5745,25.0225
215,121.577,25.02,121.582,25.02,121.577,25.025,121.582,25.025,13,25,121.5795,25.0225
216,121.582,25.02,121.587,25.02,121.582,25.025,121.587,25.025,13,26,121.5845,25.0225
217,121.587,25.02,121.592,25.02,121.587,25.025,121.592,25.025,13,27,121.5895,25.0225
218,121.592,25.02,121.597,25.02,121.592,25.025,121.597,25.025,13,28,121.5945,25.0225
219,121.597,25.02,121.602,25.02,121.597,25.025,121.602,25.025,13,29,121.5995,25.0225
220,121.602,25.02,121.607,25.02,121.602,25.025,121.607,25.025,13,30,121.6045,25.0225
221,121.607,25.02,121.612,25.02,121.607,25.025,121.612,25.025,13,31,121.6095,25.0225
222,121.612,25.02,121.617,25.02,121.612,25.025,121.617,25.025,13,32,121.6145,25.0225
223,121.617,25.02,121.622,25.02,121.617,25.025,121.622,25.025,13,33,121.6195,25.0225
224,121.622,25.02,121.627,25.02,121.622,25.025,121.627,25.025,13,34,121.6245,25.0225
225,121.627,25.02,121.632,25.02,121.627,25.025,121.632,25.025,13,35,121.6295,25.0225
226,121.632,25.02,121.637,25.02,121.632,25.025,121.637,25.025,13,36,121.6345,25.0225
227,121.637,25.02,121.642,25.02,121.637,25.025,121.642,25.025,13,37,121.6395,25.0225
228,121.642,25.02,121.647,25.02,121.642,25.025,121.647,25.025,13,38,121.6445,25.0225
229,121.647,25.02,121.652,25.02,121.647,25.025,121.652,25.025,13,39,121.6495,25.0225
230,121.652,25.02,121.657,25.02,121.652,25.025,121.657,25.025,13,40,121.6545,25.0225
231,121.657,25.02,121.662,25.02,121.657,25.025,121.662,25.025,13,41,121.6595,25.0225
232,121.482,25.025,121.487,25.025,121.482,25.03,121.487,25.03,14,6,121.4845,25.0275
233,121.487,25.025,121.492,25.025,121.487,25.03,121.492,25.03,14,7,121.4895,25.0275
234,121.492,25.025,121.497,25.025,121.492,25.03,121.497,25.03,14,8,121.4945,25.0275
235,121.497,25.025,121.502,25.025,121.497,25.03,121.502,25.03,14,9,121.4995,25.0275
236,121.502,25.025,121.507,25.025,121.502,25.03,121.507,25.03,14,10,121.5045,25.0275
237,121.507,25.025,121.512,25.025,121.507,25.03,121.512,25.03,14,11,121.5095,25.0275
238,121.512,25.025,121.517,25.025,121.512,25.03,121.517,25.03,14,12,121.5145,25.0275
239,121.517,25.025,121.522,25.025,121.517,25.03,121.522,25.03,14,13,121.5195,25.0275
240,121.522,25.025,121.527,25.025,121.522,25.03,121.527,25.03,14,14,121.5245,25.0275
241,121.527,25.025,121.532,25.025,121.527,25.03,121.532,25.03,14,15,121.5295,25.0275
242,121.532,25.025,121.537,25.025,121.532,25.03,121.537,25.03,14,16,121.5345,25.0275
243,121.537,25.025,121.542,25.025,121.537,25.03,121.542,25.03,14,17,121.5395,25.0275
244,121.542,25.025,121.547,25.025,121.542,25.03,121.547,25.03,14,18,121.5445,25.0275
245,121.547,25.025,121.552,25.025,121.547,25.03,121.552,25.03,14,19,121.5495,25.0275
246,121.552,25.025,121.557,25.025,121.552,25.03,121.557,25.03,14,20,121.5545,25.0275
247,121.557,25.025,121.562,25.025,121.557,25.03,121.562,25.03,14,21,121.5595,25.0275
248,121.562,25.025,121.567,25.025,121.562,25.03,121.567,25.03,14,22,121.5645,25.0275
249,121.567,25.025,121.572,25.025,121.567,25.03,121.572,25.03,14,23,121.5695,25.0275
250,121.572,25.025,121.577,25.025,121.572,25.03,121.577,25.03,14,24,121.5745,25.0275
251,121.577,25.025,121.582,25.025,121.577,25.03,121.582,25.03,14,25,121.5795,25.0275
252,121.582,25.025,121.587,25.025,121.582,25.03,121.587,25.03,14,26,121.5845,25.0275
253,121.587,25.025,121.592,25.025,121.587,25.03,121.592,25.03,14,27,121.5895,25.0275
254,121.592,25.025,121.597,25.025,121.592,25.03,121.597,25.03,14,28,121.5945,25.0275
255,121.597,25.025,121.602,25.025,121.597,25.03,121.602,25.03,14,29,121.5995,25.0275
256,121.602,25.025,121.607,25.025,121.602,25.03,121.607,25.03,14,30,121.6045,25.0275
257,121.607,25.025,121.612,25.025,121.607,25.03,121.612,25.03,14,31,121.6095,25.0275
258,121.612,25.025,121.617,25.025,121.612,25.03,121.617,25.03,14,32,121.6145,25.0275
259,121.617,25.025,121.622,25.025,121.617,25.03,121.622,25.03,14,33,121.6195,25.0275
260,121.622,25.025,121.627,25.025,121.622,25.03,121.627,25.03,14,34,121.6245,25.0275
261,121.627,25.025,121.632,25.025,121.627,25.03,121.632,25.03,14,35,121.6295,25.0275
262,121.632,25.025,121.637,25.025,121.632,25.03,121.637,25.03,14,36,121.6345,25.0275
263,121.637,25.025,121.642,25.025,121.637,25.03,121.642,25.03,14,37,121.6395,25.0275
264,121.642,25.025,121.647,25.025,121.642,25.03,121.647,25.03,14,38,121.6445,25.0275
265,121.647,25.025,121.652,25.025,121.647,25.03,121.652,25.03,14,39,121.6495,25.0275
266,121.652,25.025,121.657,25.025,121.652,25.03,121.657,25.03,14,40,121.6545,25.0275
267,121.657,25.025,121.662,25.025,121.657,25.03,121.662,25.03,14,41,121.6595,25.0275
268,121.482,25.03,121.487,25.03,121.482,25.035,121.487,25.035,15,6,121.4845,25.0325
269,121.487,25.03,121.492,25.03,121.487,25.035,121.492,25.035,15,7,121.4895,25.0325
270,121.492,25.03,121.497,25.03,121.492,25.035,121.497,25.035,15,8,121.4945,25.0325
271,121.497,25.03,121.502,25.03,121.497,25.035,121.502,25.035,15,9,121.4995,25.0325
272,121.502,25.03,121.507,25.03,121.502,25.035,121.507,25.035,15,10,121.5045,25.0325
273,121.507,25.03,121.512,25.03,121.507,25.035,121.512,25.035,15,11,121.5095,25.0325
274,121.512,25.03,121.517,25.03,121.512,25.035,121.517,25.035,15,12,121.5145,25.0325
275,121.517,25.03,121.522,25.03,121.517,25.035,121.522,25.035,15,13,121.5195,25.0325
276,121.522,25.03,121.527,25.03,121.522,25.035,121.527,25.035,15,14,121.5245,25.0325
277,121.527,25.03,121.532,25.03,121.527,25.035,121.532,25.035,15,15,121.5295,25.0325
278,121.532,25.03,121.537,25.03,121.532,25.035,121.537,25.035,15,16,121.5345,25.0325
279,121.537,25.03,121.542,25.03,121.537,25.035,121.542,25.035,15,17,121.5395,25.0325
280,121.542,25.03,121.547,25.03,121.542,25.035,121.547,25.035,15,18,121.5445,25.0325
281,121.547,25.03,121.552,25.03,121.547,25.035,121.552,25.035,15,19,121.5495,25.0325
282,121.552,25.03,121.557,25.03,121.552,25.035,121.557,25.035,15,20,121.5545,25.0325
283,121.557,25.03,121.562,25.03,121.557,25.035,121.562,25.035,15,21,121.5595,25.0325
284,121.562,25.03,121.567,25.03,121.562,25.035,121.567,25.035,15,22,121.5645,25.0325
285,121.567,25.03,121.572,25.03,121.567,25.035,121.572,25.035,15,23,121.5695,25.0325
286,121.572,25.03,121.577,25.03,121.572,25.035,121.577,25.035,15,24,121.5745,25.0325
287,121.577,25.03,121.582,25.03,121.577,25.035,121.582,25.035,15,25,121.5795,25.0325
288,121.582,25.03,121.587,25.03,121.582,25.035,121.587,25.035,15,26,121.5845,25.0325
289,121.587,25.03,121.592,25.03,121.587,25.035,121.592,25.035,15,27,121.5895,25.0325
290,121.592,25.03,121.597,25.03,121.592,25.035,121.597,25.035,15,28,121.5945,25.0325
291,121.597,25.03,121.602,25.03,121.597,25.035,121.602,25.035,15,29,121.5995,25.0325
292,121.602,25.03,121.607,25.03,121.602,25.035,121.607,25.035,15,30,121.6045,25.0325
293,121.607,25.03,121.612,25.03,121.607,25.035,121.612,25.035,15,31,121.6095,25.0325
294,121.612,25.03,121.617,25.03,121.612,25.035,121.617,25.035,15,32,121.6145,25.0325
295,121.617,25.03,121.622,25.03,121.617,25.035,121.622,25.035,15,33,121.6195,25.0325
296,121.622,25.03,121.627,25.03,121.622,25.035,121.627,25.035,15,34,121.6245,25.0325
297,121.627,25.03,121.632,25.03,121.627,25.035,121.632,25.035,15,35,121.6295,25.0325
298,121.632,25.03,121.637,25.03,121.632,25.035,121.637,25.035,15,36,121.6345,25.0325
299,121.637,25.03,121.642,25.03,121.637,25.035,121.642,25.035,15,37,121.6395,25.0325
300,121.642,25.03,121.647,25.03,121.642,25.035,121.647,25.035,15,38,121.6445,25.0325
301,121.647,25.03,121.652,25.03,121.647,25.035,121.652,25.035,15,39,121.6495,25.0325
302,121.652,25.03,121.657,25.03,121.652,25.035,121.657,25.035,15,40,121.6545,25.0325
303,121.657,25.03,121.662,25.03,121.657,25.035,121.662,25.035,15,41,121.6595,25.0325
304,121.487,25.035,121.492,25.035,121.487,25.04,121.492,25.04,16,7,121.4895,25.0375
305,121.492,25.035,121.497,25.035,121.492,25.04,121.497,25.04,16,8,121.4945,25.0375
306,121.497,25.035,121.502,25.035,121.497,25.04,121.502,25.04,16,9,121.4995,25.0375
307,121.502,25.035,121.507,25.035,121.502,25.04,121.507,25.04,16,10,121.5045,25.0375
308,121.507,25.035,121.512,25.035,121.507,25.04,121.512,25.04,16,11,121.5095,25.0375
309,121.512,25.035,121.517,25.035,121.512,25.04,121.517,25.04,16,12,121.5145,25.0375
310,121.517,25.035,121.522,25.035,121.517,25.04,121.522,25.04,16,13,121.5195,25.0375
311,121.522,25.035,121.527,25.035,121.522,25.04,121.527,25.04,16,14,121.5245,25.0375
312,121.527,25.035,121.532,25.035,121.527,25.04,121.532,25.04,16,15,121.5295,25.0375
313,121.532,25.035,121.537,25.035,121.532,25.04,121.537,25.04,16,16,121.5345,25.0375
314,121.537,25.035,121.542,25.035,121.537,25.04,121.542,25.04,16,17,121.5395,25.0375
315,121.542,25.035,121.547,25.035,121.542,25.04,121.547,25.04,16,18,121.5445,25.0375
316,121.547,25.035,121.552,25.035,121.547,25.04,121.552,25.04,16,19,121.5495,25.0375
317,121.552,25.035,121.557,25.035,121.552,25.04,121.557,25.04,16,20,121.5545,25.0375
318,121.557,25.035,121.562,25.035,121.557,25.04,121.562,25.04,16,21,121.5595,25.0375
319,121.562,25.035,121.567,25.035,121.562,25.04,121.567,25.04,16,22,121.5645,25.0375
320,121.567,25.035,121.572,25.035,121.567,25.04,121.572,25.04,16,23,121.5695,25.0375
321,121.572,25.035,121.577,25.035,121.572,25.04,121.577,25.04,16,24,121.5745,25.0375
322,121.577,25.035,121.582,25.035,121.577,25.04,121.582,25.04,16,25,121.5795,25.0375
323,121.582,25.035,121.587,25.035,121.582,25.04,121.587,25.04,16,26,121.5845,25.0375
324,121.587,25.035,121.592,25.035,121.587,25.04,121.592,25.04,16,27,121.5895,25.0375
325,121.592,25.035,121.597,25.035,121.592,25.04,121.597,25.04,16,28,121.5945,25.0375
326,121.597,25.035,121.602,25.035,121.597,25.04,121.602,25.04,16,29,121.5995,25.0375
327,121.602,25.035,121.607,25.035,121.602,25.04,121.607,25.04,16,30,121.6045,25.0375
328,121.607,25.035,121.612,25.035,121.607,25.04,121.612,25.04,16,31,121.6095,25.0375
329,121.612,25.035,121.617,25.035,121.612,25.04,121.617,25.04,16,32,121.6145,25.0375
330,121.617,25.035,121.622,25.035,121.617,25.04,121.622,25.04,16,33,121.6195,25.0375
331,121.622,25.035,121.627,25.035,121.622,25.04,121.627,25.04,16,34,121.6245,25.0375
332,121.627,25.035,121.632,25.035,121.627,25.04,121.632,25.04,16,35,121.6295,25.0375
333,121.632,25.035,121.637,25.035,121.632,25.04,121.637,25.04,16,36,121.6345,25.0375
334,121.487,25.04,121.492,25.04,121.487,25.045,121.492,25.045,17,7,121.4895,25.0425
335,121.492,25.04,121.497,25.04,121.492,25.045,121.497,25.045,17,8,121.4945,25.0425
336,121.497,25.04,121.502,25.04,121.497,25.045,121.502,25.045,17,9,121.4995,25.0425
337,121.502,25.04,121.507,25.04,121.502,25.045,121.507,25.045,17,10,121.5045,25.0425
338,121.507,25.04,121.512,25.04,121.507,25.045,121.512,25.045,17,11,121.5095,25.0425
339,121.512,25.04,121.517,25.04,121.512,25.045,121.517,25.045,17,12,121.5145,25.0425
340,121.517,25.04,121.522,25.04,121.517,25.045,121.522,25.045,17,13,121.5195,25.0425
341,121.522,25.04,121.527,25.04,121.522,25.045,121.527,25.045,17,14,121.5245,25.0425
342,121.527,25.04,121.532,25.04,121.527,25.045,121.532,25.045,17,15,121.5295,25.0425
343,121.532,25.04,121.537,25.04,121.532,25.045,121.537,25.045,17,16,121.5345,25.0425
344,121.537,25.04,121.542,25.04,121.537,25.045,121.542,25.045,17,17,121.5395,25.0425
345,121.542,25.04,121.547,25.04,121.542,25.045,121.547,25.045,17,18,121.5445,25.0425
346,121.547,25.04,121.552,25.04,121.547,25.045,121.552,25.045,17,19,121.5495,25.0425
347,121.552,25.04,121.557,25.04,121.552,25.045,121.557,25.045,17,20,121.5545,25.0425
348,121.557,25.04,121.562,25.04,121.557,25.045,121.562,25.045,17,21,121.5595,25.0425
349,121.562,25.04,121.567,25.04,121.562,25.045,121.567,25.045,17,22,121.5645,25.0425
350,121.567,25.04,121.572,25.04,121.567,25.045,121.572,25.045,17,23,121.5695,25.0425
351,121.572,25.04,121.577,25.04,121.572,25.045,121.577,25.045,17,24,121.5745,25.0425
352,121.577,25.04,121.582,25.04,121.577,25.045,121.582,25.045,17,25,121.5795,25.0425
353,121.582,25.04,121.587,25.04,121.582,25.045,121.587,25.045,17,26,121.5845,25.0425
354,121.587,25.04,121.592,25.04,121.587,25.045,121.592,25.045,17,27,121.5895,25.0425
355,121.592,25.04,121.597,25.04,121.592,25.045,121.597,25.045,17,28,121.5945,25.0425
356,121.597,25.04,121.602,25.04,121.597,25.045,121.602,25.045,17,29,121.5995,25.0425
357,121.602,25.04,121.607,25.04,121.602,25.045,121.607,25.045,17,30,121.6045,25.0425
358,121.607,25.04,121.612,25.04,121.607,25.045,121.612,25.045,17,31,121.6095,25.0425
359,121.612,25.04,121.617,25.04,121.612,25.045,121.617,25.045,17,32,121.6145,25.0425
360,121.617,25.04,121.622,25.04,121.617,25.045,121.622,25.045,17,33,121.6195,25.0425
361,121.497,25.045,121.502,25.045,121.497,25.05,121.502,25.05,18,9,121.4995,25.0475
362,121.502,25.045,121.507,25.045,121.502,25.05,121.507,25.05,18,10,121.5045,25.0475
363,121.507,25.045,121.512,25.045,121.507,25.05,121.512,25.05,18,11,121.5095,25.0475
364,121.512,25.045,121.517,25.045,121.512,25.05,121.517,25.05,18,12,121.5145,25.0475
365,121.517,25.045,121.522,25.045,121.517,25.05,121.522,25.05,18,13,121.5195,25.0475
366,121.522,25.045,121.527,25.045,121.522,25.05,121.527,25.05,18,14,121.5245,25.0475
367,121.527,25.045,121.532,25.045,121.527,25.05,121.532,25.05,18,15,121.5295,25.0475
368,121.532,25.045,121.537,25.045,121.532,25.05,121.537,25.05,18,16,121.5345,25.0475
369,121.537,25.045,121.542,25.045,121.537,25.05,121.542,25.05,18,17,121.5395,25.0475
370,121.542,25.045,121.547,25.045,121.542,25.05,121.547,25.05,18,18,121.5445,25.0475
371,121.547,25.045,121.552,25.045,121.547,25.05,121.552,25.05,18,19,121.5495,25.0475
372,121.552,25.045,121.557,25.045,121.552,25.05,121.557,25.05,18,20,121.5545,25.0475
373,121.557,25.045,121.562,25.045,121.557,25.05,121.562,25.05,18,21,121.5595,25.0475
374,121.562,25.045,121.567,25.045,121.562,25.05,121.567,25.05,18,22,121.5645,25.0475
375,121.567,25.045,121.572,25.045,121.567,25.05,121.572,25.05,18,23,121.5695,25.0475
376,121.572,25.045,121.577,25.045,121.572,25.05,121.577,25.05,18,24,121.5745,25.0475
377,121.577,25.045,121.582,25.045,121.577,25.05,121.582,25.05,18,25,121.5795,25.0475
378,121.582,25.045,121.587,25.045,121.582,25.05,121.587,25.05,18,26,121.5845,25.0475
379,121.587,25.045,121.592,25.045,121.587,25.05,121.592,25.05,18,27,121.5895,25.0475
380,121.592,25.045,121.597,25.045,121.592,25.05,121.597,25.05,18,28,121.5945,25.0475
381,121.597,25.045,121.602,25.045,121.597,25.05,121.602,25.05,18,29,121.5995,25.0475
382,121.602,25.045,121.607,25.045,121.602,25.05,121.607,25.05,18,30,121.6045,25.0475
383,121.607,25.045,121.612,25.045,121.607,25.05,121.612,25.05,18,31,121.6095,25.0475
384,121.612,25.045,121.617,25.045,121.612,25.05,121.617,25.05,18,32,121.6145,25.0475
385,121.617,25.045,121.622,25.045,121.617,25.05,121.622,25.05,18,33,121.6195,25.0475
386,121.502,25.05,121.507,25.05,121.502,25.055,121.507,25.055,19,10,121.5045,25.0525
387,121.507,25.05,121.512,25.05,121.507,25.055,121.512,25.055,19,11,121.5095,25.0525
388,121.512,25.05,121.517,25.05,121.512,25.055,121.517,25.055,19,12,121.5145,25.0525
389,121.517,25.05,121.522,25.05,121.517,25.055,121.522,25.055,19,13,121.5195,25.0525
390,121.522,25.05,121.527,25.05,121.522,25.055,121.527,25.055,19,14,121.5245,25.0525
391,121.527,25.05,121.532,25.05,121.527,25.055,121.532,25.055,19,15,121.5295,25.0525
392,121.532,25.05,121.537,25.05,121.532,25.055,121.537,25.055,19,16,121.5345,25.0525
393,121.537,25.05,121.542,25.05,121.537,25.055,121.542,25.055,19,17,121.5395,25.0525
394,121.542,25.05,121.547,25.05,121.542,25.055,121.547,25.055,19,18,121.5445,25.0525
395,121.547,25.05,121.552,25.05,121.547,25.055,121.552,25.055,19,19,121.5495,25.0525
396,121.552,25.05,121.557,25.05,121.552,25.055,121.557,25.055,19,20,121.5545,25.0525
397,121.557,25.05,121.562,25.05,121.557,25.055,121.562,25.055,19,21,121.5595,25.0525
398,121.562,25.05,121.567,25.05,121.562,25.055,121.567,25.055,19,22,121.5645,25.0525
399,121.567,25.05,121.572,25.05,121.567,25.055,121.572,25.055,19,23,121.5695,25.0525
400,121.572,25.05,121.577,25.05,121.572,25.055,121.577,25.055,19,24,121.5745,25.0525
401,121.577,25.05,121.582,25.05,121.577,25.055,121.582,25.055,19,25,121.5795,25.0525
402,121.582,25.05,121.587,25.05,121.582,25.055,121.587,25.055,19,26,121.5845,25.0525
403,121.587,25.05,121.592,25.05,121.587,25.055,121.592,25.055,19,27,121.5895,25.0525
404,121.592,25.05,121.597,25.05,121.592,25.055,121.597,25.055,19,28,121.5945,25.0525
405,121.597,25.05,121.602,25.05,121.597,25.055,121.602,25.055,19,29,121.5995,25.0525
406,121.602,25.05,121.607,25.05,121.602,25.055,121.607,25.055,19,30,121.6045,25.0525
407,121.607,25.05,121.612,25.05,121.607,25.055,121.612,25.055,19,31,121.6095,25.0525
408,121.612,25.05,121.617,25.05,121.612,25.055,121.617,25.055,19,32,121.6145,25.0525
409,121.617,25.05,121.622,25.05,121.617,25.055,121.622,25.055,19,33,121.6195,25.0525
410,121.502,25.055,121.507,25.055,121.502,25.06,121.507,25.06,20,10,121.5045,25.0575
411,121.507,25.055,121.512,25.055,121.507,25.06,121.512,25.06,20,11,121.5095,25.0575
412,121.512,25.055,121.517,25.055,121.512,25.06,121.517,25.06,20,12,121.5145,25.0575
413,121.517,25.055,121.522,25.055,121.517,25.06,121.522,25.06,20,13,121.5195,25.0575
414,121.522,25.055,121.527,25.055,121.522,25.06,121.527,25.06,20,14,121.5245,25.0575
415,121.527,25.055,121.532,25.055,121.527,25.06,121.532,25.06,20,15,121.5295,25.0575
416,121.532,25.055,121.537,25.055,121.532,25.06,121.537,25.06,20,16,121.5345,25.0575
417,121.537,25.055,121.542,25.055,121.537,25.06,121.542,25.06,20,17,121.5395,25.0575
418,121.542,25.055,121.547,25.055,121.542,25.06,121.547,25.06,20,18,121.5445,25.0575
419,121.547,25.055,121.552,25.055,121.547,25.06,121.552,25.06,20,19,121.5495,25.0575
420,121.552,25.055,121.557,25.055,121.552,25.06,121.557,25.06,20,20,121.5545,25.0575
421,121.557,25.055,121.562,25.055,121.557,25.06,121.562,25.06,20,21,121.5595,25.0575
422,121.562,25.055,121.567,25.055,121.562,25.06,121.567,25.06,20,22,121.5645,25.0575
423,121.567,25.055,121.572,25.055,121.567,25.06,121.572,25.06,20,23,121.5695,25.0575
424,121.572,25.055,121.577,25.055,121.572,25.06,121.577,25.06,20,24,121.5745,25.0575
425,121.577,25.055,121.582,25.055,121.577,25.06,121.582,25.06,20,25,121.5795,25.0575
426,121.582,25.055,121.587,25.055,121.582,25.06,121.587,25.06,20,26,121.5845,25.0575
427,121.587,25.055,121.592,25.055,121.587,25.06,121.592,25.06,20,27,121.5895,25.0575
428,121.592,25.055,121.597,25.055,121.592,25.06,121.597,25.06,20,28,121.5945,25.0575
429,121.597,25.055,121.602,25.055,121.597,25.06,121.602,25.06,20,29,121.5995,25.0575
430,121.602,25.055,121.607,25.055,121.602,25.06,121.607,25.06,20,30,121.6045,25.0575
431,121.607,25.055,121.612,25.055,121.607,25.06,121.612,25.06,20,31,121.6095,25.0575
432,121.612,25.055,121.617,25.055,121.612,25.06,121.617,25.06,20,32,121.6145,25.0575
433,121.617,25.055,121.622,25.055,121.617,25.06,121.622,25.06,20,33,121.6195,25.0575
434,121.622,25.055,121.627,25.055,121.622,25.06,121.627,25.06,20,34,121.6245,25.0575
435,121.502,25.06,121.507,25.06,121.502,25.065,121.507,25.065,21,10,121.5045,25.0625
436,121.507,25.06,121.512,25.06,121.507,25.065,121.512,25.065,21,11,121.5095,25.0625
437,121.512,25.06,121.517,25.06,121.512,25.065,121.517,25.065,21,12,121.5145,25.0625
438,121.517,25.06,121.522,25.06,121.517,25.065,121.522,25.065,21,13,121.5195,25.0625
439,121.522,25.06,121.527,25.06,121.522,25.065,121.527,25.065,21,14,121.5245,25.0625
440,121.527,25.06,121.532,25.06,121.527,25.065,121.532,25.065,21,15,121.5295,25.0625
441,121.532,25.06,121.537,25.06,121.532,25.065,121.537,25.065,21,16,121.5345,25.0625
442,121.537,25.06,121.542,25.06,121.537,25.065,121.542,25.065,21,17,121.5395,25.0625
443,121.542,25.06,121.547,25.06,121.542,25.065,121.547,25.065,21,18,121.5445,25.0625
444,121.547,25.06,121.552,25.06,121.547,25.065,121.552,25.065,21,19,121.5495,25.0625
445,121.552,25.06,121.557,25.06,121.552,25.065,121.557,25.065,21,20,121.5545,25.0625
446,121.557,25.06,121.562,25.06,121.557,25.065,121.562,25.065,21,21,121.5595,25.0625
447,121.562,25.06,121.567,25.06,121.562,25.065,121.567,25.065,21,22,121.5645,25.0625
448,121.567,25.06,121.572,25.06,121.567,25.065,121.572,25.065,21,23,121.5695,25.0625
449,121.572,25.06,121.577,25.06,121.572,25.065,121.577,25.065,21,24,121.5745,25.0625
450,121.577,25.06,121.582,25.06,121.577,25.065,121.582,25.065,21,25,121.5795,25.0625
451,121.582,25.06,121.587,25.06,121.582,25.065,121.587,25.065,21,26,121.5845,25.0625
452,121.587,25.06,121.592,25.06,121.587,25.065,121.592,25.065,21,27,121.5895,25.0625
453,121.592,25.06,121.597,25.06,121.592,25.065,121.597,25.065,21,28,121.5945,25.0625
454,121.597,25.06,121.602,25.06,121.597,25.065,121.602,25.065,21,29,121.5995,25.0625
455,121.602,25.06,121.607,25.06,121.602,25.065,121.607,25.065,21,30,121.6045,25.0625
456,121.607,25.06,121.612,25.06,121.607,25.065,121.612,25.065,21,31,121.6095,25.0625
457,121.612,25.06,121.617,25.06,121.612,25.065,121.617,25.065,21,32,121.6145,25.0625
458,121.617,25.06,121.622,25.06,121.617,25.065,121.622,25.065,21,33,121.6195,25.0625
459,121.507,25.065,121.512,25.065,121.507,25.07,121.512,25.07,22,11,121.5095,25.0675
460,121.512,25.065,121.517,25.065,121.512,25.07,121.517,25.07,22,12,121.5145,25.0675
461,121.517,25.065,121.522,25.065,121.517,25.07,121.522,25.07,22,13,121.5195,25.0675
462,121.522,25.065,121.527,25.065,121.522,25.07,121.527,25.07,22,14,121.5245,25.0675
463,121.527,25.065,121.532,25.065,121.527,25.07,121.532,25.07,22,15,121.5295,25.0675
464,121.532,25.065,121.537,25.065,121.532,25.07,121.537,25.07,22,16,121.5345,25.0675
465,121.537,25.065,121.542,25.065,121.537,25.07,121.542,25.07,22,17,121.5395,25.0675
466,121.542,25.065,121.547,25.065,121.542,25.07,121.547,25.07,22,18,121.5445,25.0675
467,121.547,25.065,121.552,25.065,121.547,25.07,121.552,25.07,22,19,121.5495,25.0675
468,121.552,25.065,121.557,25.065,121.552,25.07,121.557,25.07,22,20,121.5545,25.0675
469,121.557,25.065,121.562,25.065,121.557,25.07,121.562,25.07,22,21,121.5595,25.0675
470,121.562,25.065,121.567,25.065,121.562,25.07,121.567,25.07,22,22,121.5645,25.0675
471,121.567,25.065,121.572,25.065,121.567,25.07,121.572,25.07,22,23,121.5695,25.0675
472,121.572,25.065,121.577,25.065,121.572,25.07,121.577,25.07,22,24,121.5745,25.0675
473,121.577,25.065,121.582,25.065,121.577,25.07,121.582,25.07,22,25,121.5795,25.0675
474,121.582,25.065,121.587,25.065,121.582,25.07,121.587,25.07,22,26,121.5845,25.0675
475,121.587,25.065,121.592,25.065,121.587,25.07,121.592,25.07,22,27,121.5895,25.0675
476,121.592,25.065,121.597,25.065,121.592,25.07,121.597,25.07,22,28,121.5945,25.0675
477,121.597,25.065,121.602,25.065,121.597,25.07,121.602,25.07,22,29,121.5995,25.0675
478,121.602,25.065,121.607,25.065,121.602,25.07,121.607,25.07,22,30,121.6045,25.0675
479,121.607,25.065,121.612,25.065,121.607,25.07,121.612,25.07,22,31,121.6095,25.0675
480,121.612,25.065,121.617,25.065,121.612,25.07,121.617,25.07,22,32,121.6145,25.0675
481,121.617,25.065,121.622,25.065,121.617,25.07,121.622,25.07,22,33,121.6195,25.0675
482,121.502,25.07,121.507,25.07,121.502,25.075,121.507,25.075,23,10,121.5045,25.0725
483,121.507,25.07,121.512,25.07,121.507,25.075,121.512,25.075,23,11,121.5095,25.0725
484,121.512,25.07,121.517,25.07,121.512,25.075,121.517,25.075,23,12,121.5145,25.0725
485,121.517,25.07,121.522,25.07,121.517,25.075,121.522,25.075,23,13,121.5195,25.0725
486,121.522,25.07,121.527,25.07,121.522,25.075,121.527,25.075,23,14,121.5245,25.0725
487,121.527,25.07,121.532,25.07,121.527,25.075,121.532,25.075,23,15,121.5295,25.0725
488,121.532,25.07,121.537,25.07,121.532,25.075,121.537,25.075,23,16,121.5345,25.0725
489,121.537,25.07,121.542,25.07,121.537,25.075,121.542,25.075,23,17,121.5395,25.0725
490,121.542,25.07,121.547,25.07,121.542,25.075,121.547,25.075,23,18,121.5445,25.0725
491,121.547,25.07,121.552,25.07,121.547,25.075,121.552,25.075,23,19,121.5495,25.0725
492,121.552,25.07,121.557,25.07,121.552,25.075,121.557,25.075,23,20,121.5545,25.0725
493,121.557,25.07,121.562,25.07,121.557,25.075,121.562,25.075,23,21,121.5595,25.0725
494,121.562,25.07,121.567,25.07,121.562,25.075,121.567,25.075,23,22,121.5645,25.0725
495,121.567,25.07,121.572,25.07,121.567,25.075,121.572,25.075,23,23,121.5695,25.0725
496,121.572,25.07,121.577,25.07,121.572,25.075,121.577,25.075,23,24,121.5745,25.0725
497,121.577,25.07,121.582,25.07,121.577,25.075,121.582,25.075,23,25,121.5795,25.0725
498,121.582,25.07,121.587,25.07,121.582,25.075,121.587,25.075,23,26,121.5845,25.0725
499,121.587,25.07,121.592,25.07,121.587,25.075,121.592,25.075,23,27,121.5895,25.0725
500,121.592,25.07,121.597,25.07,121.592,25.075,121.597,25.075,23,28,121.5945,25.0725
501,121.597,25.07,121.602,25.07,121.597,25.075,121.602,25.075,23,29,121.5995,25.0725
502,121.602,25.07,121.607,25.07,121.602,25.075,121.607,25.075,23,30,121.6045,25.0725
503,121.607,25.07,121.612,25.07,121.607,25.075,121.612,25.075,23,31,121.6095,25.0725
504,121.612,25.07,121.617,25.07,121.612,25.075,121.617,25.075,23,32,121.6145,25.0725
505,121.617,25.07,121.622,25.07,121.617,25.075,121.622,25.075,23,33,121.6195,25.0725
506,121.622,25.07,121.627,25.07,121.622,25.075,121.627,25.075,23,34,121.6245,25.0725
507,121.502,25.075,121.507,25.075,121.502,25.08,121.507,25.08,24,10,121.5045,25.0775
508,121.507,25.075,121.512,25.075,121.507,25.08,121.512,25.08,24,11,121.5095,25.0775
509,121.512,25.075,121.517,25.075,121.512,25.08,121.517,25.08,24,12,121.5145,25.0775
510,121.517,25.075,121.522,25.075,121.517,25.08,121.522,25.08,24,13,121.5195,25.0775
511,121.522,25.075,121.527,25.075,121.522,25.08,121.527,25.08,24,14,121.5245,25.0775
512,121.527,25.075,121.532,25.075,121.527,25.08,121.532,25.08,24,15,121.5295,25.0775
513,121.532,25.075,121.537,25.075,121.532,25.08,121.537,25.08,24,16,121.5345,25.0775
514,121.537,25.075,121.542,25.075,121.537,25.08,121.542,25.08,24,17,121.5395,25.0775
515,121.542,25.075,121.547,25.075,121.542,25.08,121.547,25.08,24,18,121.5445,25.0775
516,121.547,25.075,121.552,25.075,121.547,25.08,121.552,25.08,24,19,121.5495,25.0775
517,121.552,25.075,121.557,25.075,121.552,25.08,121.557,25.08,24,20,121.5545,25.0775
518,121.557,25.075,121.562,25.075,121.557,25.08,121.562,25.08,24,21,121.5595,25.0775
519,121.562,25.075,121.567,25.075,121.562,25.08,121.567,25.08,24,22,121.5645,25.0775
520,121.567,25.075,121.572,25.075,121.567,25.08,121.572,25.08,24,23,121.5695,25.0775
521,121.572,25.075,121.577,25.075,121.572,25.08,121.577,25.08,24,24,121.5745,25.0775
522,121.577,25.075,121.582,25.075,121.577,25.08,121.582,25.08,24,25,121.5795,25.0775
523,121.582,25.075,121.587,25.075,121.582,25.08,121.587,25.08,24,26,121.5845,25.0775
524,121.587,25.075,121.592,25.075,121.587,25.08,121.592,25.08,24,27,121.5895,25.0775
525,121.592,25.075,121.597,25.075,121.592,25.08,121.597,25.08,24,28,121.5945,25.0775
526,121.597,25.075,121.602,25.075,121.597,25.08,121.602,25.08,24,29,121.5995,25.0775
527,121.602,25.075,121.607,25.075,121.602,25.08,121.607,25.08,24,30,121.6045,25.0775
528,121.607,25.075,121.612,25.075,121.607,25.08,121.612,25.08,24,31,121.6095,25.0775
529,121.612,25.075,121.617,25.075,121.612,25.08,121.617,25.08,24,32,121.6145,25.0775
530,121.617,25.075,121.622,25.075,121.617,25.08,121.622,25.08,24,33,121.6195,25.0775
531,121.622,25.075,121.627,25.075,121.622,25.08,121.627,25.08,24,34,121.6245,25.0775
532,121.502,25.08,121.507,25.08,121.502,25.085,121.507,25.085,25,10,121.5045,25.0825
533,121.507,25.08,121.512,25.08,121.507,25.085,121.512,25.085,25,11,121.5095,25.0825
534,121.512,25.08,121.517,25.08,121.512,25.085,121.517,25.085,25,12,121.5145,25.0825
535,121.517,25.08,121.522,25.08,121.517,25.085,121.522,25.085,25,13,121.5195,25.0825
536,121.522,25.08,121.527,25.08,121.522,25.085,121.527,25.085,25,14,121.5245,25.0825
537,121.527,25.08,121.532,25.08,121.527,25.085,121.532,25.085,25,15,121.5295,25.0825
538,121.532,25.08,121.537,25.08,121.532,25.085,121.537,25.085,25,16,121.5345,25.0825
539,121.537,25.08,121.542,25.08,121.537,25.085,121.542,25.085,25,17,121.5395,25.0825
540,121.542,25.08,121.547,25.08,121.542,25.085,121.547,25.085,25,18,121.5445,25.0825
541,121.547,25.08,121.552,25.08,121.547,25.085,121.552,25.085,25,19,121.5495,25.0825
542,121.552,25.08,121.557,25.08,121.552,25.085,121.557,25.085,25,20,121.5545,25.0825
543,121.557,25.08,121.562,25.08,121.557,25.085,121.562,25.085,25,21,121.5595,25.0825
544,121.562,25.08,121.567,25.08,121.562,25.085,121.567,25.085,25,22,121.5645,25.0825
545,121.567,25.08,121.572,25.08,121.567,25.085,121.572,25.085,25,23,121.5695,25.0825
546,121.572,25.08,121.577,25.08,121.572,25.085,121.577,25.085,25,24,121.5745,25.0825
547,121.577,25.08,121.582,25.08,121.577,25.085,121.582,25.085,25,25,121.5795,25.0825
548,121.582,25.08,121.587,25.08,121.582,25.085,121.587,25.085,25,26,121.5845,25.0825
549,121.587,25.08,121.592,25.08,121.587,25.085,121.592,25.085,25,27,121.5895,25.0825
550,121.592,25.08,121.597,25.08,121.592,25.085,121.597,25.085,25,28,121.5945,25.0825
551,121.597,25.08,121.602,25.08,121.597,25.085,121.602,25.085,25,29,121.5995,25.0825
552,121.602,25.08,121.607,25.08,121.602,25.085,121.607,25.085,25,30,121.6045,25.0825
553,121.607,25.08,121.612,25.08,121.607,25.085,121.612,25.085,25,31,121.6095,25.0825
554,121.612,25.08,121.617,25.08,121.612,25.085,121.617,25.085,25,32,121.6145,25.0825
555,121.617,25.08,121.622,25.08,121.617,25.085,121.622,25.085,25,33,121.6195,25.0825
556,121.622,25.08,121.627,25.08,121.622,25.085,121.627,25.085,25,34,121.6245,25.0825
557,121.627,25.08,121.632,25.08,121.627,25.085,121.632,25.085,25,35,121.6295,25.0825
558,121.497,25.085,121.502,25.085,121.497,25.09,121.502,25.09,26,9,121.4995,25.0875
559,121.502,25.085,121.507,25.085,121.502,25.09,121.507,25.09,26,10,121.5045,25.0875
560,121.507,25.085,121.512,25.085,121.507,25.09,121.512,25.09,26,11,121.5095,25.0875
561,121.512,25.085,121.517,25.085,121.512,25.09,121.517,25.09,26,12,121.5145,25.0875
562,121.517,25.085,121.522,25.085,121.517,25.09,121.522,25.09,26,13,121.5195,25.0875
563,121.522,25.085,121.527,25.085,121.522,25.09,121.527,25.09,26,14,121.5245,25.0875
564,121.527,25.085,121.532,25.085,121.527,25.09,121.532,25.09,26,15,121.5295,25.0875
565,121.532,25.085,121.537,25.085,121.532,25.09,121.537,25.09,26,16,121.5345,25.0875
566,121.537,25.085,121.542,25.085,121.537,25.09,121.542,25.09,26,17,121.5395,25.0875
567,121.542,25.085,121.547,25.085,121.542,25.09,121.547,25.09,26,18,121.5445,25.0875
568,121.547,25.085,121.552,25.085,121.547,25.09,121.552,25.09,26,19,121.5495,25.0875
569,121.552,25.085,121.557,25.085,121.552,25.09,121.557,25.09,26,20,121.5545,25.0875
570,121.557,25.085,121.562,25.085,121.557,25.09,121.562,25.09,26,21,121.5595,25.0875
571,121.562,25.085,121.567,25.085,121.562,25.09,121.567,25.09,26,22,121.5645,25.0875
572,121.567,25.085,121.572,25.085,121.567,25.09,121.572,25.09,26,23,121.5695,25.0875
573,121.572,25.085,121.577,25.085,121.572,25.09,121.577,25.09,26,24,121.5745,25.0875
574,121.577,25.085,121.582,25.085,121.577,25.09,121.582,25.09,26,25,121.5795,25.0875
575,121.582,25.085,121.587,25.085,121.582,25.09,121.587,25.09,26,26,121.5845,25.0875
576,121.587,25.085,121.592,25.085,121.587,25.09,121.592,25.09,26,27,121.5895,25.0875
577,121.592,25.085,121.597,25.085,121.592,25.09,121.597,25.09,26,28,121.5945,25.0875
578,121.597,25.085,121.602,25.085,121.597,25.09,121.602,25.09,26,29,121.5995,25.0875
579,121.602,25.085,121.607,25.085,121.602,25.09,121.607,25.09,26,30,121.6045,25.0875
580,121.607,25.085,121.612,25.085,121.607,25.09,121.612,25.09,26,31,121.6095,25.0875
581,121.612,25.085,121.617,25.085,121.612,25.09,121.617,25.09,26,32,121.6145,25.0875
582,121.617,25.085,121.622,25.085,121.617,25.09,121.622,25.09,26,33,121.6195,25.0875
583,121.622,25.085,121.627,25.085,121.622,25.09,121.627,25.09,26,34,121.6245,25.0875
584,121.627,25.085,121.632,25.085,121.627,25.09,121.632,25.09,26,35,121.6295,25.0875
585,121.487,25.09,121.492,25.09,121.487,25.095,121.492,25.095,27,7,121.4895,25.0925
586,121.492,25.09,121.497,25.09,121.492,25.095,121.497,25.095,27,8,121.4945,25.0925
587,121.497,25.09,121.502,25.09,121.497,25.095,121.502,25.095,27,9,121.4995,25.0925
588,121.502,25.09,121.507,25.09,121.502,25.095,121.507,25.095,27,10,121.5045,25.0925
589,121.507,25.09,121.512,25.09,121.507,25.095,121.512,25.095,27,11,121.5095,25.0925
590,121.512,25.09,121.517,25.09,121.512,25.095,121.517,25.095,27,12,121.5145,25.0925
591,121.517,25.09,121.522,25.09,121.517,25.095,121.522,25.095,27,13,121.5195,25.0925
592,121.522,25.09,121.527,25.09,121.522,25.095,121.527,25.095,27,14,121.5245,25.0925
593,121.527,25.09,121.532,25.09,121.527,25.095,121.532,25.095,27,15,121.5295,25.0925
594,121.532,25.09,121.537,25.09,121.532,25.095,121.537,25.095,27,16,121.5345,25.0925
595,121.537,25.09,121.542,25.09,121.537,25.095,121.542,25.095,27,17,121.5395,25.0925
596,121.542,25.09,121.547,25.09,121.542,25.095,121.547,25.095,27,18,121.5445,25.0925
597,121.547,25.09,121.552,25.09,121.547,25.095,121.552,25.095,27,19,121.5495,25.0925
598,121.552,25.09,121.557,25.09,121.552,25.095,121.557,25.095,27,20,121.5545,25.0925
599,121.557,25.09,121.562,25.09,121.557,25.095,121.562,25.095,27,21,121.5595,25.0925
600,121.562,25.09,121.567,25.09,121.562,25.095,121.567,25.095,27,22,121.5645,25.0925
601,121.567,25.09,121.572,25.09,121.567,25.095,121.572,25.095,27,23,121.5695,25.0925
602,121.572,25.09,121.577,25.09,121.572,25.095,121.577,25.095,27,24,121.5745,25.0925
603,121.577,25.09,121.582,25.09,121.577,25.095,121.582,25.095,27,25,121.5795,25.0925
604,121.582,25.09,121.587,25.09,121.582,25.095,121.587,25.095,27,26,121.5845,25.0925
605,121.587,25.09,121.592,25.09,121.587,25.095,121.592,25.095,27,27,121.5895,25.0925
606,121.592,25.09,121.597,25.09,121.592,25.095,121.597,25.095,27,28,121.5945,25.0925
607,121.597,25.09,121.602,25.09,121.597,25.095,121.602,25.095,27,29,121.5995,25.0925
608,121.602,25.09,121.607,25.09,121.602,25.095,121.607,25.095,27,30,121.6045,25.0925
609,121.607,25.09,121.612,25.09,121.607,25.095,121.612,25.095,27,31,121.6095,25.0925
610,121.612,25.09,121.617,25.09,121.612,25.095,121.617,25.095,27,32,121.6145,25.0925
611,121.617,25.09,121.622,25.09,121.617,25.095,121.622,25.095,27,33,121.6195,25.0925
612,121.622,25.09,121.627,25.09,121.622,25.095,121.627,25.095,27,34,121.6245,25.0925
613,121.482,25.095,121.487,25.095,121.482,25.1,121.487,25.1,28,6,121.4845,25.0975
614,121.487,25.095,121.492,25.095,121.487,25.1,121.492,25.1,28,7,121.4895,25.0975
615,121.492,25.095,121.497,25.095,121.492,25.1,121.497,25.1,28,8,121.4945,25.0975
616,121.497,25.095,121.502,25.095,121.497,25.1,121.502,25.1,28,9,121.4995,25.0975
617,121.502,25.095,121.507,25.095,121.502,25.1,121.507,25.1,28,10,121.5045,25.0975
618,121.507,25.095,121.512,25.095,121.507,25.1,121.512,25.1,28,11,121.5095,25.0975
619,121.512,25.095,121.517,25.095,121.512,25.1,121.517,25.1,28,12,121.5145,25.0975
620,121.517,25.095,121.522,25.095,121.517,25.1,121.522,25.1,28,13,121.5195,25.0975
621,121.522,25.095,121.527,25.095,121.522,25.1,121.527,25.1,28,14,121.5245,25.0975
622,121.527,25.095,121.532,25.095,121.527,25.1,121.532,25.1,28,15,121.5295,25.0975
623,121.532,25.095,121.537,25.095,121.532,25.1,121.537,25.1,28,16,121.5345,25.0975
624,121.537,25.095,121.542,25.095,121.537,25.1,121.542,25.1,28,17,121.5395,25.0975
625,121.542,25.095,121.547,25.095,121.542,25.1,121.547,25.1,28,18,121.5445,25.0975
626,121.547,25.095,121.552,25.095,121.547,25.1,121.552,25.1,28,19,121.5495,25.0975
627,121.552,25.095,121.557,25.095,121.552,25.1,121.557,25.1,28,20,121.5545,25.0975
628,121.557,25.095,121.562,25.095,121.557,25.1,121.562,25.1,28,21,121.5595,25.0975
629,121.562,25.095,121.567,25.095,121.562,25.1,121.567,25.1,28,22,121.5645,25.0975
630,121.567,25.095,121.572,25.095,121.567,25.1,121.572,25.1,28,23,121.5695,25.0975
631,121.572,25.095,121.577,25.095,121.572,25.1,121.577,25.1,28,24,121.5745,25.0975
632,121.577,25.095,121.582,25.095,121.577,25.1,121.582,25.1,28,25,121.5795,25.0975
633,121.582,25.095,121.587,25.095,121.582,25.1,121.587,25.1,28,26,121.5845,25.0975
634,121.587,25.095,121.592,25.095,121.587,25.1,121.592,25.1,28,27,121.5895,25.0975
635,121.592,25.095,121.597,25.095,121.592,25.1,121.597,25.1,28,28,121.5945,25.0975
636,121.597,25.095,121.602,25.095,121.597,25.1,121.602,25.1,28,29,121.5995,25.0975
637,121.602,25.095,121.607,25.095,121.602,25.1,121.607,25.1,28,30,121.6045,25.0975
638,121.607,25.095,121.612,25.095,121.607,25.1,121.612,25.1,28,31,121.6095,25.0975
639,121.612,25.095,121.617,25.095,121.612,25.1,121.617,25.1,28,32,121.6145,25.0975
640,121.617,25.095,121.622,25.095,121.617,25.1,121.622,25.1,28,33,121.6195,25.0975
641,121.622,25.095,121.627,25.095,121.622,25.1,121.627,25.1,28,34,121.6245,25.0975
642,121.457,25.1,121.462,25.1,121.457,25.105,121.462,25.105,29,1,121.4595,25.1025
643,121.462,25.1,121.467,25.1,121.462,25.105,121.467,25.105,29,2,121.4645,25.1025
644,121.467,25.1,121.472,25.1,121.467,25.105,121.472,25.105,29,3,121.4695,25.1025
645,121.472,25.1,121.477,25.1,121.472,25.105,121.477,25.105,29,4,121.4745,25.1025
646,121.477,25.1,121.482,25.1,121.477,25.105,121.482,25.105,29,5,121.4795,25.1025
647,121.482,25.1,121.487,25.1,121.482,25.105,121.487,25.105,29,6,121.4845,25.1025
648,121.487,25.1,121.492,25.1,121.487,25.105,121.492,25.105,29,7,121.4895,25.1025
649,121.492,25.1,121.497,25.1,121.492,25.105,121.497,25.105,29,8,121.4945,25.1025
650,121.497,25.1,121.502,25.1,121.497,25.105,121.502,25.105,29,9,121.4995,25.1025
651,121.502,25.1,121.507,25.1,121.502,25.105,121.507,25.105,29,10,121.5045,25.1025
652,121.507,25.1,121.512,25.1,121.507,25.105,121.512,25.105,29,11,121.5095,25.1025
653,121.512,25.1,121.517,25.1,121.512,25.105,121.517,25.105,29,12,121.5145,25.1025
654,121.517,25.1,121.522,25.1,121.517,25.105,121.522,25.105,29,13,121.5195,25.1025
655,121.522,25.1,121.527,25.1,121.522,25.105,121.527,25.105,29,14,121.5245,25.1025
656,121.527,25.1,121.532,25.1,121.527,25.105,121.532,25.105,29,15,121.5295,25.1025
657,121.532,25.1,121.537,25.1,121.532,25.105,121.537,25.105,29,16,121.5345,25.1025
658,121.537,25.1,121.542,25.1,121.537,25.105,121.542,25.105,29,17,121.5395,25.1025
659,121.542,25.1,121.547,25.1,121.542,25.105,121.547,25.105,29,18,121.5445,25.1025
660,121.547,25.1,121.552,25.1,121.547,25.105,121.552,25.105,29,19,121.5495,25.1025
661,121.552,25.1,121.557,25.1,121.552,25.105,121.557,25.105,29,20,121.5545,25.1025
662,121.557,25.1,121.562,25.1,121.557,25.105,121.562,25.105,29,21,121.5595,25.1025
663,121.562,25.1,121.567,25.1,121.562,25.105,121.567,25.105,29,22,121.5645,25.1025
664,121.567,25.1,121.572,25.1,121.567,25.105,121.572,25.105,29,23,121.5695,25.1025
665,121.572,25.1,121.577,25.1,121.572,25.105,121.577,25.105,29,24,121.5745,25.1025
666,121.577,25.1,121.582,25.1,121.577,25.105,121.582,25.105,29,25,121.5795,25.1025
667,121.582,25.1,121.587,25.1,121.582,25.105,121.587,25.105,29,26,121.5845,25.1025
668,121.587,25.1,121.592,25.1,121.587,25.105,121.592,25.105,29,27,121.5895,25.1025
669,121.592,25.1,121.597,25.1,121.592,25.105,121.597,25.105,29,28,121.5945,25.1025
670,121.597,25.1,121.602,25.1,121.597,25.105,121.602,25.105,29,29,121.5995,25.1025
671,121.602,25.1,121.607,25.1,121.602,25.105,121.607,25.105,29,30,121.6045,25.1025
672,121.607,25.1,121.612,25.1,121.607,25.105,121.612,25.105,29,31,121.6095,25.1025
673,121.612,25.1,121.617,25.1,121.612,25.105,121.617,25.105,29,32,121.6145,25.1025
674,121.617,25.1,121.622,25.1,121.617,25.105,121.622,25.105,29,33,121.6195,25.1025
675,121.457,25.105,121.462,25.105,121.457,25.11,121.462,25.11,30,1,121.4595,25.1075
676,121.462,25.105,121.467,25.105,121.462,25.11,121.467,25.11,30,2,121.4645,25.1075
677,121.467,25.105,121.472,25.105,121.467,25.11,121.472,25.11,30,3,121.4695,25.1075
678,121.472,25.105,121.477,25.105,121.472,25.11,121.477,25.11,30,4,121.4745,25.1075
679,121.477,25.105,121.482,25.105,121.477,25.11,121.482,25.11,30,5,121.4795,25.1075
680,121.482,25.105,121.487,25.105,121.482,25.11,121.487,25.11,30,6,121.4845,25.1075
681,121.487,25.105,121.492,25.105,121.487,25.11,121.492,25.11,30,7,121.4895,25.1075
682,121.492,25.105,121.497,25.105,121.492,25.11,121.497,25.11,30,8,121.4945,25.1075
683,121.497,25.105,121.502,25.105,121.497,25.11,121.502,25.11,30,9,121.4995,25.1075
684,121.502,25.105,121.507,25.105,121.502,25.11,121.507,25.11,30,10,121.5045,25.1075
685,121.507,25.105,121.512,25.105,121.507,25.11,121.512,25.11,30,11,121.5095,25.1075
686,121.512,25.105,121.517,25.105,121.512,25.11,121.517,25.11,30,12,121.5145,25.1075
687,121.517,25.105,121.522,25.105,121.517,25.11,121.522,25.11,30,13,121.5195,25.1075
688,121.522,25.105,121.527,25.105,121.522,25.11,121.527,25.11,30,14,121.5245,25.1075
689,121.527,25.105,121.532,25.105,121.527,25.11,121.532,25.11,30,15,121.5295,25.1075
690,121.532,25.105,121.537,25.105,121.532,25.11,121.537,25.11,30,16,121.5345,25.1075
691,121.537,25.105,121.542,25.105,121.537,25.11,121.542,25.11,30,17,121.5395,25.1075
692,121.542,25.105,121.547,25.105,121.542,25.11,121.547,25.11,30,18,121.5445,25.1075
693,121.547,25.105,121.552,25.105,121.547,25.11,121.552,25.11,30,19,121.5495,25.1075
694,121.552,25.105,121.557,25.105,121.552,25.11,121.557,25.11,30,20,121.5545,25.1075
695,121.557,25.105,121.562,25.105,121.557,25.11,121.562,25.11,30,21,121.5595,25.1075
696,121.562,25.105,121.567,25.105,121.562,25.11,121.567,25.11,30,22,121.5645,25.1075
697,121.567,25.105,121.572,25.105,121.567,25.11,121.572,25.11,30,23,121.5695,25.1075
698,121.572,25.105,121.577,25.105,121.572,25.11,121.577,25.11,30,24,121.5745,25.1075
699,121.577,25.105,121.582,25.105,121.577,25.11,121.582,25.11,30,25,121.5795,25.1075
700,121.582,25.105,121.587,25.105,121.582,25.11,121.587,25.11,30,26,121.5845,25.1075
701,121.587,25.105,121.592,25.105,121.587,25.11,121.592,25.11,30,27,121.5895,25.1075
702,121.592,25.105,121.597,25.105,121.592,25.11,121.597,25.11,30,28,121.5945,25.1075
703,121.597,25.105,121.602,25.105,121.597,25.11,121.602,25.11,30,29,121.5995,25.1075
704,121.602,25.105,121.607,25.105,121.602,25.11,121.607,25.11,30,30,121.6045,25.1075
705,121.607,25.105,121.612,25.105,121.607,25.11,121.612,25.11,30,31,121.6095,25.1075
706,121.457,25.11,121.462,25.11,121.457,25.115,121.462,25.115,31,1,121.4595,25.1125
707,121.462,25.11,121.467,25.11,121.462,25.115,121.467,25.115,31,2,121.4645,25.1125
708,121.467,25.11,121.472,25.11,121.467,25.115,121.472,25.115,31,3,121.4695,25.1125
709,121.472,25.11,121.477,25.11,121.472,25.115,121.477,25.115,31,4,121.4745,25.1125
710,121.477,25.11,121.482,25.11,121.477,25.115,121.482,25.115,31,5,121.4795,25.1125
711,121.482,25.11,121.487,25.11,121.482,25.115,121.487,25.115,31,6,121.4845,25.1125
712,121.487,25.11,121.492,25.11,121.487,25.115,121.492,25.115,31,7,121.4895,25.1125
713,121.492,25.11,121.497,25.11,121.492,25.115,121.497,25.115,31,8,121.4945,25.1125
714,121.497,25.11,121.502,25.11,121.497,25.115,121.502,25.115,31,9,121.4995,25.1125
715,121.502,25.11,121.507,25.11,121.502,25.115,121.507,25.115,31,10,121.5045,25.1125
716,121.507,25.11,121.512,25.11,121.507,25.115,121.512,25.115,31,11,121.5095,25.1125
717,121.512,25.11,121.517,25.11,121.512,25.115,121.517,25.115,31,12,121.5145,25.1125
718,121.517,25.11,121.522,25.11,121.517,25.115,121.522,25.115,31,13,121.5195,25.1125
719,121.522,25.11,121.527,25.11,121.522,25.115,121.527,25.115,31,14,121.5245,25.1125
720,121.527,25.11,121.532,25.11,121.527,25.115,121.532,25.115,31,15,121.5295,25.1125
721,121.532,25.11,121.537,25.11,121.532,25.115,121.537,25.115,31,16,121.5345,25.1125
722,121.537,25.11,121.542,25.11,121.537,25.115,121.542,25.115,31,17,121.5395,25.1125
723,121.542,25.11,121.547,25.11,121.542,25.115,121.547,25.115,31,18,121.5445,25.1125
724,121.547,25.11,121.552,25.11,121.547,25.115,121.552,25.115,31,19,121.5495,25.1125
725,121.552,25.11,121.557,25.11,121.552,25.115,121.557,25.115,31,20,121.5545,25.1125
726,121.557,25.11,121.562,25.11,121.557,25.115,121.562,25.115,31,21,121.5595,25.1125
727,121.562,25.11,121.567,25.11,121.562,25.115,121.567,25.115,31,22,121.5645,25.1125
728,121.567,25.11,121.572,25.11,121.567,25.115,121.572,25.115,31,23,121.5695,25.1125
729,121.572,25.11,121.577,25.11,121.572,25.115,121.577,25.115,31,24,121.5745,25.1125
730,121.577,25.11,121.582,25.11,121.577,25.115,121.582,25.115,31,25,121.5795,25.1125
731,121.582,25.11,121.587,25.11,121.582,25.115,121.587,25.115,31,26,121.5845,25.1125
732,121.587,25.11,121.592,25.11,121.587,25.115,121.592,25.115,31,27,121.5895,25.1125
733,121.592,25.11,121.597,25.11,121.592,25.115,121.597,25.115,31,28,121.5945,25.1125
734,121.457,25.115,121.462,25.115,121.457,25.12,121.462,25.12,32,1,121.4595,25.1175
735,121.462,25.115,121.467,25.115,121.462,25.12,121.467,25.12,32,2,121.4645,25.1175
736,121.467,25.115,121.472,25.115,121.467,25.12,121.472,25.12,32,3,121.4695,25.1175
737,121.472,25.115,121.477,25.115,121.472,25.12,121.477,25.12,32,4,121.4745,25.1175
738,121.477,25.115,121.482,25.115,121.477,25.12,121.482,25.12,32,5,121.4795,25.1175
739,121.482,25.115,121.487,25.115,121.482,25.12,121.487,25.12,32,6,121.4845,25.1175
740,121.487,25.115,121.492,25.115,121.487,25.12,121.492,25.12,32,7,121.4895,25.1175
741,121.492,25.115,121.497,25.115,121.492,25.12,121.497,25.12,32,8,121.4945,25.1175
742,121.497,25.115,121.502,25.115,121.497,25.12,121.502,25.12,32,9,121.4995,25.1175
743,121.502,25.115,121.507,25.115,121.502,25.12,121.507,25.12,32,10,121.5045,25.1175
744,121.507,25.115,121.512,25.115,121.507,25.12,121.512,25.12,32,11,121.5095,25.1175
745,121.512,25.115,121.517,25.115,121.512,25.12,121.517,25.12,32,12,121.5145,25.1175
746,121.517,25.115,121.522,25.115,121.517,25.12,121.522,25.12,32,13,121.5195,25.1175
747,121.522,25.115,121.527,25.115,121.522,25.12,121.527,25.12,32,14,121.5245,25.1175
748,121.527,25.115,121.532,25.115,121.527,25.12,121.532,25.12,32,15,121.5295,25.1175
749,121.532,25.115,121.537,25.115,121.532,25.12,121.537,25.12,32,16,121.5345,25.1175
750,121.537,25.115,121.542,25.115,121.537,25.12,121.542,25.12,32,17,121.5395,25.1175
751,121.542,25.115,121.547,25.115,121.542,25.12,121.547,25.12,32,18,121.5445,25.1175
752,121.547,25.115,121.552,25.115,121.547,25.12,121.552,25.12,32,19,121.5495,25.1175
753,121.552,25.115,121.557,25.115,121.552,25.12,121.557,25.12,32,20,121.5545,25.1175
754,121.557,25.115,121.562,25.115,121.557,25.12,121.562,25.12,32,21,121.5595,25.1175
755,121.562,25.115,121.567,25.115,121.562,25.12,121.567,25.12,32,22,121.5645,25.1175
756,121.567,25.115,121.572,25.115,121.567,25.12,121.572,25.12,32,23,121.5695,25.1175
757,121.572,25.115,121.577,25.115,121.572,25.12,121.577,25.12,32,24,121.5745,25.1175
758,121.577,25.115,121.582,25.115,121.577,25.12,121.582,25.12,32,25,121.5795,25.1175
759,121.582,25.115,121.587,25.115,121.582,25.12,121.587,25.12,32,26,121.5845,25.1175
760,121.587,25.115,121.592,25.115,121.587,25.12,121.592,25.12,32,27,121.5895,25.1175
761,121.592,25.115,121.597,25.115,121.592,25.12,121.597,25.12,32,28,121.5945,25.1175
762,121.597,25.115,121.602,25.115,121.597,25.12,121.602,25.12,32,29,121.5995,25.1175
763,121.457,25.12,121.462,25.12,121.457,25.125,121.462,25.125,33,1,121.4595,25.1225
764,121.462,25.12,121.467,25.12,121.462,25.125,121.467,25.125,33,2,121.4645,25.1225
765,121.467,25.12,121.472,25.12,121.467,25.125,121.472,25.125,33,3,121.4695,25.1225
766,121.472,25.12,121.477,25.12,121.472,25.125,121.477,25.125,33,4,121.4745,25.1225
767,121.477,25.12,121.482,25.12,121.477,25.125,121.482,25.125,33,5,121.4795,25.1225
768,121.482,25.12,121.487,25.12,121.482,25.125,121.487,25.125,33,6,121.4845,25.1225
769,121.487,25.12,121.492,25.12,121.487,25.125,121.492,25.125,33,7,121.4895,25.1225
770,121.492,25.12,121.497,25.12,121.492,25.125,121.497,25.125,33,8,121.4945,25.1225
771,121.497,25.12,121.502,25.12,121.497,25.125,121.502,25.125,33,9,121.4995,25.1225
772,121.502,25.12,121.507,25.12,121.502,25.125,121.507,25.125,33,10,121.5045,25.1225
773,121.507,25.12,121.512,25.12,121.507,25.125,121.512,25.125,33,11,121.5095,25.1225
774,121.512,25.12,121.517,25.12,121.512,25.125,121.517,25.125,33,12,121.5145,25.1225
775,121.517,25.12,121.522,25.12,121.517,25.125,121.522,25.125,33,13,121.5195,25.1225
776,121.522,25.12,121.527,25.12,121.522,25.125,121.527,25.125,33,14,121.5245,25.1225
777,121.527,25.12,121.532,25.12,121.527,25.125,121.532,25.125,33,15,121.5295,25.1225
778,121.532,25.12,121.537,25.12,121.532,25.125,121.537,25.125,33,16,121.5345,25.1225
779,121.537,25.12,121.542,25.12,121.537,25.125,121.542,25.125,33,17,121.5395,25.1225
780,121.542,25.12,121.547,25.12,121.542,25.125,121.547,25.125,33,18,121.5445,25.1225
781,121.547,25.12,121.552,25.12,121.547,25.125,121.552,25.125,33,19,121.5495,25.1225
782,121.552,25.12,121.557,25.12,121.552,25.125,121.557,25.125,33,20,121.5545,25.1225
783,121.557,25.12,121.562,25.12,121.557,25.125,121.562,25.125,33,21,121.5595,25.1225
784,121.562,25.12,121.567,25.12,121.562,25.125,121.567,25.125,33,22,121.5645,25.1225
785,121.567,25.12,121.572,25.12,121.567,25.125,121.572,25.125,33,23,121.5695,25.1225
786,121.572,25.12,121.577,25.12,121.572,25.125,121.577,25.125,33,24,121.5745,25.1225
787,121.577,25.12,121.582,25.12,121.577,25.125,121.582,25.125,33,25,121.5795,25.1225
788,121.582,25.12,121.587,25.12,121.582,25.125,121.587,25.125,33,26,121.5845,25.1225
789,121.587,25.12,121.592,25.12,121.587,25.125,121.592,25.125,33,27,121.5895,25.1225
790,121.592,25.12,121.597,25.12,121.592,25.125,121.597,25.125,33,28,121.5945,25.1225
791,121.597,25.12,121.602,25.12,121.597,25.125,121.602,25.125,33,29,121.5995,25.1225
792,121.462,25.125,121.467,25.125,121.462,25.13,121.467,25.13,34,2,121.4645,25.1275
793,121.467,25.125,121.472,25.125,121.467,25.13,121.472,25.13,34,3,121.4695,25.1275
794,121.472,25.125,121.477,25.125,121.472,25.13,121.477,25.13,34,4,121.4745,25.1275
795,121.477,25.125,121.482,25.125,121.477,25.13,121.482,25.13,34,5,121.4795,25.1275
796,121.482,25.125,121.487,25.125,121.482,25.13,121.487,25.13,34,6,121.4845,25.1275
797,121.487,25.125,121.492,25.125,121.487,25.13,121.492,25.13,34,7,121.4895,25.1275
798,121.492,25.125,121.497,25.125,121.492,25.13,121.497,25.13,34,8,121.4945,25.1275
799,121.497,25.125,121.502,25.125,121.497,25.13,121.502,25.13,34,9,121.4995,25.1275
800,121.502,25.125,121.507,25.125,121.502,25.13,121.507,25.13,34,10,121.5045,25.1275
801,121.507,25.125,121.512,25.125,121.507,25.13,121.512,25.13,34,11,121.5095,25.1275
802,121.512,25.125,121.517,25.125,121.512,25.13,121.517,25.13,34,12,121.5145,25.1275
803,121.517,25.125,121.522,25.125,121.517,25.13,121.522,25.13,34,13,121.5195,25.1275
804,121.522,25.125,121.527,25.125,121.522,25.13,121.527,25.13,34,14,121.5245,25.1275
805,121.527,25.125,121.532,25.125,121.527,25.13,121.532,25.13,34,15,121.5295,25.1275
806,121.532,25.125,121.537,25.125,121.532,25.13,121.537,25.13,34,16,121.5345,25.1275
807,121.537,25.125,121.542,25.125,121.537,25.13,121.542,25.13,34,17,121.5395,25.1275
808,121.542,25.125,121.547,25.125,121.542,25.13,121.547,25.13,34,18,121.5445,25.1275
809,121.547,25.125,121.552,25.125,121.547,25.13,121.552,25.13,34,19,121.5495,25.1275
810,121.552,25.125,121.557,25.125,121.552,25.13,121.557,25.13,34,20,121.5545,25.1275
811,121.557,25.125,121.562,25.125,121.557,25.13,121.562,25.13,34,21,121.5595,25.1275
812,121.562,25.125,121.567,25.125,121.562,25.13,121.567,25.13,34,22,121.5645,25.1275
813,121.567,25.125,121.572,25.125,121.567,25.13,121.572,25.13,34,23,121.5695,25.1275
814,121.572,25.125,121.577,25.125,121.572,25.13,121.577,25.13,34,24,121.5745,25.1275
815,121.577,25.125,121.582,25.125,121.577,25.13,121.582,25.13,34,25,121.5795,25.1275
816,121.582,25.125,121.587,25.125,121.582,25.13,121.587,25.13,34,26,121.5845,25.1275
817,121.587,25.125,121.592,25.125,121.587,25.13,121.592,25.13,34,27,121.5895,25.1275
818,121.592,25.125,121.597,25.125,121.592,25.13,121.597,25.13,34,28,121.5945,25.1275
819,121.597,25.125,121.602,25.125,121.597,25.13,121.602,25.13,34,29,121.5995,25.1275
820,121.602,25.125,121.607,25.125,121.602,25.13,121.607,25.13,34,30,121.6045,25.1275
821,121.607,25.125,121.612,25.125,121.607,25.13,121.612,25.13,34,31,121.6095,25.1275
822,121.462,25.13,121.467,25.13,121.462,25.135,121.467,25.135,35,2,121.4645,25.1325
823,121.467,25.13,121.472,25.13,121.467,25.135,121.472,25.135,35,3,121.4695,25.1325
824,121.472,25.13,121.477,25.13,121.472,25.135,121.477,25.135,35,4,121.4745,25.1325
825,121.477,25.13,121.482,25.13,121.477,25.135,121.482,25.135,35,5,121.4795,25.1325
826,121.482,25.13,121.487,25.13,121.482,25.135,121.487,25.135,35,6,121.4845,25.1325
827,121.487,25.13,121.492,25.13,121.487,25.135,121.492,25.135,35,7,121.4895,25.1325
828,121.492,25.13,121.497,25.13,121.492,25.135,121.497,25.135,35,8,121.4945,25.1325
829,121.497,25.13,121.502,25.13,121.497,25.135,121.502,25.135,35,9,121.4995,25.1325
830,121.502,25.13,121.507,25.13,121.502,25.135,121.507,25.135,35,10,121.5045,25.1325
831,121.507,25.13,121.512,25.13,121.507,25.135,121.512,25.135,35,11,121.5095,25.1325
832,121.512,25.13,121.517,25.13,121.512,25.135,121.517,25.135,35,12,121.5145,25.1325
833,121.517,25.13,121.522,25.13,121.517,25.135,121.522,25.135,35,13,121.5195,25.1325
834,121.522,25.13,121.527,25.13,121.522,25.135,121.527,25.135,35,14,121.5245,25.1325
835,121.527,25.13,121.532,25.13,121.527,25.135,121.532,25.135,35,15,121.5295,25.1325
836,121.532,25.13,121.537,25.13,121.532,25.135,121.537,25.135,35,16,121.5345,25.1325
837,121.537,25.13,121.542,25.13,121.537,25.135,121.542,25.135,35,17,121.5395,25.1325
838,121.542,25.13,121.547,25.13,121.542,25.135,121.547,25.135,35,18,121.5445,25.1325
839,121.547,25.13,121.552,25.13,121.547,25.135,121.552,25.135,35,19,121.5495,25.1325
840,121.552,25.13,121.557,25.13,121.552,25.135,121.557,25.135,35,20,121.5545,25.1325
841,121.557,25.13,121.562,25.13,121.557,25.135,121.562,25.135,35,21,121.5595,25.1325
842,121.562,25.13,121.567,25.13,121.562,25.135,121.567,25.135,35,22,121.5645,25.1325
843,121.567,25.13,121.572,25.13,121.567,25.135,121.572,25.135,35,23,121.5695,25.1325
844,121.572,25.13,121.577,25.13,121.572,25.135,121.577,25.135,35,24,121.5745,25.1325
845,121.577,25.13,121.582,25.13,121.577,25.135,121.582,25.135,35,25,121.5795,25.1325
846,121.582,25.13,121.587,25.13,121.582,25.135,121.587,25.135,35,26,121.5845,25.1325
847,121.587,25.13,121.592,25.13,121.587,25.135,121.592,25.135,35,27,121.5895,25.1325
848,121.592,25.13,121.597,25.13,121.592,25.135,121.597,25.135,35,28,121.5945,25.1325
849,121.597,25.13,121.602,25.13,121.597,25.135,121.602,25.135,35,29,121.5995,25.1325
850,121.602,25.13,121.607,25.13,121.602,25.135,121.607,25.135,35,30,121.6045,25.1325
851,121.607,25.13,121.612,25.13,121.607,25.135,121.612,25.135,35,31,121.6095,25.1325
852,121.467,25.135,121.472,25.135,121.467,25.14,121.472,25.14,36,3,121.4695,25.1375
853,121.472,25.135,121.477,25.135,121.472,25.14,121.477,25.14,36,4,121.4745,25.1375
854,121.477,25.135,121.482,25.135,121.477,25.14,121.482,25.14,36,5,121.4795,25.1375
855,121.482,25.135,121.487,25.135,121.482,25.14,121.487,25.14,36,6,121.4845,25.1375
856,121.487,25.135,121.492,25.135,121.487,25.14,121.492,25.14,36,7,121.4895,25.1375
857,121.492,25.135,121.497,25.135,121.492,25.14,121.497,25.14,36,8,121.4945,25.1375
858,121.497,25.135,121.502,25.135,121.497,25.14,121.502,25.14,36,9,121.4995,25.1375
859,121.502,25.135,121.507,25.135,121.502,25.14,121.507,25.14,36,10,121.5045,25.1375
860,121.507,25.135,121.512,25.135,121.507,25.14,121.512,25.14,36,11,121.5095,25.1375
861,121.512,25.135,121.517,25.135,121.512,25.14,121.517,25.14,36,12,121.5145,25.1375
862,121.517,25.135,121.522,25.135,121.517,25.14,121.522,25.14,36,13,121.5195,25.1375
863,121.522,25.135,121.527,25.135,121.522,25.14,121.527,25.14,36,14,121.5245,25.1375
864,121.527,25.135,121.532,25.135,121.527,25.14,121.532,25.14,36,15,121.5295,25.1375
865,121.532,25.135,121.537,25.135,121.532,25.14,121.537,25.14,36,16,121.5345,25.1375
866,121.537,25.135,121.542,25.135,121.537,25.14,121.542,25.14,36,17,121.5395,25.1375
867,121.542,25.135,121.547,25.135,121.542,25.14,121.547,25.14,36,18,121.5445,25.1375
868,121.547,25.135,121.552,25.135,121.547,25.14,121.552,25.14,36,19,121.5495,25.1375
869,121.552,25.135,121.557,25.135,121.552,25.14,121.557,25.14,36,20,121.5545,25.1375
870,121.557,25.135,121.562,25.135,121.557,25.14,121.562,25.14,36,21,121.5595,25.1375
871,121.562,25.135,121.567,25.135,121.562,25.14,121.567,25.14,36,22,121.5645,25.1375
872,121.567,25.135,121.572,25.135,121.567,25.14,121.572,25.14,36,23,121.5695,25.1375
873,121.572,25.135,121.577,25.135,121.572,25.14,121.577,25.14,36,24,121.5745,25.1375
874,121.577,25.135,121.582,25.135,121.577,25.14,121.582,25.14,36,25,121.5795,25.1375
875,121.582,25.135,121.587,25.135,121.582,25.14,121.587,25.14,36,26,121.5845,25.1375
876,121.587,25.135,121.592,25.135,121.587,25.14,121.592,25.14,36,27,121.5895,25.1375
877,121.592,25.135,121.597,25.135,121.592,25.14,121.597,25.14,36,28,121.5945,25.1375
878,121.597,25.135,121.602,25.135,121.597,25.14,121.602,25.14,36,29,121.5995,25.1375
879,121.602,25.135,121.607,25.135,121.602,25.14,121.607,25.14,36,30,121.6045,25.1375
880,121.472,25.14,121.477,25.14,121.472,25.145,121.477,25.145,37,4,121.4745,25.1425
881,121.477,25.14,121.482,25.14,121.477,25.145,121.482,25.145,37,5,121.4795,25.1425
882,121.482,25.14,121.487,25.14,121.482,25.145,121.487,25.145,37,6,121.4845,25.1425
883,121.487,25.14,121.492,25.14,121.487,25.145,121.492,25.145,37,7,121.4895,25.1425
884,121.492,25.14,121.497,25.14,121.492,25.145,121.497,25.145,37,8,121.4945,25.1425
885,121.497,25.14,121.502,25.14,121.497,25.145,121.502,25.145,37,9,121.4995,25.1425
886,121.502,25.14,121.507,25.14,121.502,25.145,121.507,25.145,37,10,121.5045,25.1425
887,121.507,25.14,121.512,25.14,121.507,25.145,121.512,25.145,37,11,121.5095,25.1425
888,121.512,25.14,121.517,25.14,121.512,25.145,121.517,25.145,37,12,121.5145,25.1425
889,121.517,25.14,121.522,25.14,121.517,25.145,121.522,25.145,37,13,121.5195,25.1425
890,121.522,25.14,121.527,25.14,121.522,25.145,121.527,25.145,37,14,121.5245,25.1425
891,121.527,25.14,121.532,25.14,121.527,25.145,121.532,25.145,37,15,121.5295,25.1425
892,121.532,25.14,121.537,25.14,121.532,25.145,121.537,25.145,37,16,121.5345,25.1425
893,121.537,25.14,121.542,25.14,121.537,25.145,121.542,25.145,37,17,121.5395,25.1425
894,121.542,25.14,121.547,25.14,121.542,25.145,121.547,25.145,37,18,121.5445,25.1425
895,121.547,25.14,121.552,25.14,121.547,25.145,121.552,25.145,37,19,121.5495,25.1425
896,121.552,25.14,121.557,25.14,121.552,25.145,121.557,25.145,37,20,121.5545,25.1425
897,121.557,25.14,121.562,25.14,121.557,25.145,121.562,25.145,37,21,121.5595,25.1425
898,121.562,25.14,121.567,25.14,121.562,25.145,121.567,25.145,37,22,121.5645,25.1425
899,121.567,25.14,121.572,25.14,121.567,25.145,121.572,25.145,37,23,121.5695,25.1425
900,121.572,25.14,121.577,25.14,121.572,25.145,121.577,25.145,37,24,121.5745,25.1425
901,121.577,25.14,121.582,25.14,121.577,25.145,121.582,25.145,37,25,121.5795,25.1425
902,121.582,25.14,121.587,25.14,121.582,25.145,121.587,25.145,37,26,121.5845,25.1425
903,121.587,25.14,121.592,25.14,121.587,25.145,121.592,25.145,37,27,121.5895,25.1425
904,121.592,25.14,121.597,25.14,121.592,25.145,121.597,25.145,37,28,121.5945,25.1425
905,121.597,25.14,121.602,25.14,121.597,25.145,121.602,25.145,37,29,121.5995,25.1425
906,121.477,25.145,121.482,25.145,121.477,25.15,121.482,25.15,38,5,121.4795,25.1475
907,121.482,25.145,121.487,25.145,121.482,25.15,121.487,25.15,38,6,121.4845,25.1475
908,121.487,25.145,121.492,25.145,121.487,25.15,121.492,25.15,38,7,121.4895,25.1475
909,121.492,25.145,121.497,25.145,121.492,25.15,121.497,25.15,38,8,121.4945,25.1475
910,121.497,25.145,121.502,25.145,121.497,25.15,121.502,25.15,38,9,121.4995,25.1475
911,121.502,25.145,121.507,25.145,121.502,25.15,121.507,25.15,38,10,121.5045,25.1475
912,121.507,25.145,121.512,25.145,121.507,25.15,121.512,25.15,38,11,121.5095,25.1475
913,121.512,25.145,121.517,25.145,121.512,25.15,121.517,25.15,38,12,121.5145,25.1475
914,121.517,25.145,121.522,25.145,121.517,25.15,121.522,25.15,38,13,121.5195,25.1475
915,121.522,25.145,121.527,25.145,121.522,25.15,121.527,25.15,38,14,121.5245,25.1475
916,121.527,25.145,121.532,25.145,121.527,25.15,121.532,25.15,38,15,121.5295,25.1475
917,121.532,25.145,121.537,25.145,121.532,25.15,121.537,25.15,38,16,121.5345,25.1475
918,121.537,25.145,121.542,25.145,121.537,25.15,121.542,25.15,38,17,121.5395,25.1475
919,121.542,25.145,121.547,25.145,121.542,25.15,121.547,25.15,38,18,121.5445,25.1475
920,121.547,25.145,121.552,25.145,121.547,25.15,121.552,25.15,38,19,121.5495,25.1475
921,121.552,25.145,121.557,25.145,121.552,25.15,121.557,25.15,38,20,121.5545,25.1475
922,121.557,25.145,121.562,25.145,121.557,25.15,121.562,25.15,38,21,121.5595,25.1475
923,121.562,25.145,121.567,25.145,121.562,25.15,121.567,25.15,38,22,121.5645,25.1475
924,121.567,25.145,121.572,25.145,121.567,25.15,121.572,25.15,38,23,121.5695,25.1475
925,121.572,25.145,121.577,25.145,121.572,25.15,121.577,25.15,38,24,121.5745,25.1475
926,121.577,25.145,121.582,25.145,121.577,25.15,121.582,25.15,38,25,121.5795,25.1475
927,121.582,25.145,121.587,25.145,121.582,25.15,121.587,25.15,38,26,121.5845,25.1475
928,121.587,25.145,121.592,25.145,121.587,25.15,121.592,25.15,38,27,121.5895,25.1475
929,121.592,25.145,121.597,25.145,121.592,25.15,121.597,25.15,38,28,121.5945,25.1475
930,121.482,25.15,121.487,25.15,121.482,25.155,121.487,25.155,39,6,121.4845,25.1525
931,121.487,25.15,121.492,25.15,121.487,25.155,121.492,25.155,39,7,121.4895,25.1525
932,121.492,25.15,121.497,25.15,121.492,25.155,121.497,25.155,39,8,121.4945,25.1525
933,121.497,25.15,121.502,25.15,121.497,25.155,121.502,25.155,39,9,121.4995,25.1525
934,121.502,25.15,121.507,25.15,121.502,25.155,121.507,25.155,39,10,121.5045,25.1525
935,121.507,25.15,121.512,25.15,121.507,25.155,121.512,25.155,39,11,121.5095,25.1525
936,121.512,25.15,121.517,25.15,121.512,25.155,121.517,25.155,39,12,121.5145,25.1525
937,121.517,25.15,121.522,25.15,121.517,25.155,121.522,25.155,39,13,121.5195,25.1525
938,121.522,25.15,121.527,25.15,121.522,25.155,121.527,25.155,39,14,121.5245,25.1525
939,121.527,25.15,121.532,25.15,121.527,25.155,121.532,25.155,39,15,121.5295,25.1525
940,121.532,25.15,121.537,25.15,121.532,25.155,121.537,25.155,39,16,121.5345,25.1525
941,121.537,25.15,121.542,25.15,121.537,25.155,121.542,25.155,39,17,121.5395,25.1525
942,121.542,25.15,121.547,25.15,121.542,25.155,121.547,25.155,39,18,121.5445,25.1525
943,121.547,25.15,121.552,25.15,121.547,25.155,121.552,25.155,39,19,121.5495,25.1525
944,121.552,25.15,121.557,25.15,121.552,25.155,121.557,25.155,39,20,121.5545,25.1525
945,121.557,25.15,121.562,25.15,121.557,25.155,121.562,25.155,39,21,121.5595,25.1525
946,121.562,25.15,121.567,25.15,121.562,25.155,121.567,25.155,39,22,121.5645,25.1525
947,121.567,25.15,121.572,25.15,121.567,25.155,121.572,25.155,39,23,121.5695,25.1525
948,121.572,25.15,121.577,25.15,121.572,25.155,121.577,25.155,39,24,121.5745,25.1525
949,121.577,25.15,121.582,25.15,121.577,25.155,121.582,25.155,39,25,121.5795,25.1525
950,121.582,25.15,121.587,25.15,121.582,25.155,121.587,25.155,39,26,121.5845,25.1525
951,121.587,25.15,121.592,25.15,121.587,25.155,121.592,25.155,39,27,121.5895,25.1525
952,121.592,25.15,121.597,25.15,121.592,25.155,121.597,25.155,39,28,121.5945,25.1525
953,121.487,25.155,121.492,25.155,121.487,25.16,121.492,25.16,40,7,121.4895,25.1575
954,121.492,25.155,121.497,25.155,121.492,25.16,121.497,25.16,40,8,121.4945,25.1575
955,121.497,25.155,121.502,25.155,121.497,25.16,121.502,25.16,40,9,121.4995,25.1575
956,121.502,25.155,121.507,25.155,121.502,25.16,121.507,25.16,40,10,121.5045,25.1575
957,121.507,25.155,121.512,25.155,121.507,25.16,121.512,25.16,40,11,121.5095,25.1575
958,121.512,25.155,121.517,25.155,121.512,25.16,121.517,25.16,40,12,121.5145,25.1575
959,121.517,25.155,121.522,25.155,121.517,25.16,121.522,25.16,40,13,121.5195,25.1575
960,121.522,25.155,121.527,25.155,121.522,25.16,121.527,25.16,40,14,121.5245,25.1575
961,121.527,25.155,121.532,25.155,121.527,25.16,121.532,25.16,40,15,121.5295,25.1575
962,121.532,25.155,121.537,25.155,121.532,25.16,121.537,25.16,40,16,121.5345,25.1575
963,121.537,25.155,121.542,25.155,121.537,25.16,121.542,25.16,40,17,121.5395,25.1575
964,121.542,25.155,121.547,25.155,121.542,25.16,121.547,25.16,40,18,121.5445,25.1575
965,121.547,25.155,121.552,25.155,121.547,25.16,121.552,25.16,40,19,121.5495,25.1575
966,121.552,25.155,121.557,25.155,121.552,25.16,121.557,25.16,40,20,121.5545,25.1575
967,121.557,25.155,121.562,25.155,121.557,25.16,121.562,25.16,40,21,121.5595,25.1575
968,121.562,25.155,121.567,25.155,121.562,25.16,121.567,25.16,40,22,121.5645,25.1575
969,121.567,25.155,121.572,25.155,121.567,25.16,121.572,25.16,40,23,121.5695,25.1575
970,121.572,25.155,121.577,25.155,121.572,25.16,121.577,25.16,40,24,121.5745,25.1575
971,121.577,25.155,121.582,25.155,121.577,25.16,121.582,25.16,40,25,121.5795,25.1575
972,121.582,25.155,121.587,25.155,121.582,25.16,121.587,25.16,40,26,121.5845,25.1575
973,121.587,25.155,121.592,25.155,121.587,25.16,121.592,25.16,40,27,121.5895,25.1575
974,121.492,25.16,121.497,25.16,121.492,25.165,121.497,25.165,41,8,121.4945,25.1625
975,121.497,25.16,121.502,25.16,121.497,25.165,121.502,25.165,41,9,121.4995,25.1625
976,121.502,25.16,121.507,25.16,121.502,25.165,121.507,25.165,41,10,121.5045,25.1625
977,121.507,25.16,121.512,25.16,121.507,25.165,121.512,25.165,41,11,121.5095,25.1625
978,121.512,25.16,121.517,25.16,121.512,25.165,121.517,25.165,41,12,121.5145,25.1625
979,121.517,25.16,121.522,25.16,121.517,25.165,121.522,25.165,41,13,121.5195,25.1625
980,121.522,25.16,121.527,25.16,121.522,25.165,121.527,25.165,41,14,121.5245,25.1625
981,121.527,25.16,121.532,25.16,121.527,25.165,121.532,25.165,41,15,121.5295,25.1625
982,121.532,25.16,121.537,25.16,121.532,25.165,121.537,25.165,41,16,121.5345,25.1625
983,121.537,25.16,121.542,25.16,121.537,25.165,121.542,25.165,41,17,121.5395,25.1625
984,121.542,25.16,121.547,25.16,121.542,25.165,121.547,25.165,41,18,121.5445,25.1625
985,121.547,25.16,121.552,25.16,121.547,25.165,121.552,25.165,41,19,121.5495,25.1625
986,121.552,25.16,121.557,25.16,121.552,25.165,121.557,25.165,41,20,121.5545,25.1625
987,121.557,25.16,121.562,25.16,121.557,25.165,121.562,25.165,41,21,121.5595,25.1625
988,121.562,25.16,121.567,25.16,121.562,25.165,121.567,25.165,41,22,121.5645,25.1625
989,121.567,25.16,121.572,25.16,121.567,25.165,121.572,25.165,41,23,121.5695,25.1625
990,121.572,25.16,121.577,25.16,121.572,25.165,121.577,25.165,41,24,121.5745,25.1625
991,121.577,25.16,121.582,25.16,121.577,25.165,121.582,25.165,41,25,121.5795,25.1625
992,121.582,25.16,121.587,25.16,121.582,25.165,121.587,25.165,41,26,121.5845,25.1625
993,121.587,25.16,121.592,25.16,121.587,25.165,121.592,25.165,41,27,121.5895,25.1625
994,121.497,25.165,121.502,25.165,121.497,25.17,121.502,25.17,42,9,121.4995,25.1675
995,121.502,25.165,121.507,25.165,121.502,25.17,121.507,25.17,42,10,121.5045,25.1675
996,121.507,25.165,121.512,25.165,121.507,25.17,121.512,25.17,42,11,121.5095,25.1675
997,121.512,25.165,121.517,25.165,121.512,25.17,121.517,25.17,42,12,121.5145,25.1675
998,121.517,25.165,121.522,25.165,121.517,25.17,121.522,25.17,42,13,121.5195,25.1675
999,121.522,25.165,121.527,25.165,121.522,25.17,121.527,25.17,42,14,121.5245,25.1675
1000,121.527,25.165,121.532,25.165,121.527,25.17,121.532,25.17,42,15,121.5295,25.1675
1001,121.532,25.165,121.537,25.165,121.532,25.17,121.537,25.17,42,16,121.5345,25.1675
1002,121.537,25.165,121.542,25.165,121.537,25.17,121.542,25.17,42,17,121.5395,25.1675
1003,121.542,25.165,121.547,25.165,121.542,25.17,121.547,25.17,42,18,121.5445,25.1675
1004,121.547,25.165,121.552,25.165,121.547,25.17,121.552,25.17,42,19,121.5495,25.1675
1005,121.552,25.165,121.557,25.165,121.552,25.17,121.557,25.17,42,20,121.5545,25.1675
1006,121.557,25.165,121.562,25.165,121.557,25.17,121.562,25.17,42,21,121.5595,25.1675
1007,121.562,25.165,121.567,25.165,121.562,25.17,121.567,25.17,42,22,121.5645,25.1675
1008,121.567,25.165,121.572,25.165,121.567,25.17,121.572,25.17,42,23,121.5695,25.1675
1009,121.572,25.165,121.577,25.165,121.572,25.17,121.577,25.17,42,24,121.5745,25.1675
1010,121.577,25.165,121.582,25.165,121.577,25.17,121.582,25.17,42,25,121.5795,25.1675
1011,121.582,25.165,121.587,25.165,121.582,25.17,121.587,25.17,42,26,121.5845,25.1675
1012,121.497,25.17,121.502,25.17,121.497,25.175,121.502,25.175,43,9,121.4995,25.1725
1013,121.502,25.17,121.507,25.17,121.502,25.175,121.507,25.175,43,10,121.5045,25.1725
1014,121.507,25.17,121.512,25.17,121.507,25.175,121.512,25.175,43,11,121.5095,25.1725
1015,121.512,25.17,121.517,25.17,121.512,25.175,121.517,25.175,43,12,121.5145,25.1725
1016,121.517,25.17,121.522,25.17,121.517,25.175,121.522,25.175,43,13,121.5195,25.1725
1017,121.522,25.17,121.527,25.17,121.522,25.175,121.527,25.175,43,14,121.5245,25.1725
1018,121.527,25.17,121.532,25.17,121.527,25.175,121.532,25.175,43,15,121.5295,25.1725
1019,121.532,25.17,121.537,25.17,121.532,25.175,121.537,25.175,43,16,121.5345,25.1725
1020,121.537,25.17,121.542,25.17,121.537,25.175,121.542,25.175,43,17,121.5395,25.1725
1021,121.542,25.17,121.547,25.17,121.542,25.175,121.547,25.175,43,18,121.5445,25.1725
1022,121.547,25.17,121.552,25.17,121.547,25.175,121.552,25.175,43,19,121.5495,25.1725
1023,121.552,25.17,121.557,25.17,121.552,25.175,121.557,25.175,43,20,121.5545,25.1725
1024,121.557,25.17,121.562,25.17,121.557,25.175,121.562,25.175,43,21,121.5595,25.1725
1025,121.562,25.17,121.567,25.17,121.562,25.175,121.567,25.175,43,22,121.5645,25.1725
1026,121.567,25.17,121.572,25.17,121.567,25.175,121.572,25.175,43,23,121.5695,25.1725
1027,121.572,25.17,121.577,25.17,121.572,25.175,121.577,25.175,43,24,121.5745,25.1725
1028,121.577,25.17,121.582,25.17,121.577,25.175,121.582,25.175,43,25,121.5795,25.1725
1029,121.582,25.17,121.587,25.17,121.582,25.175,121.587,25.175,43,26,121.5845,25.1725
1030,121.517,25.175,121.522,25.175,121.517,25.18,121.522,25.18,44,13,121.5195,25.1775
1031,121.522,25.175,121.527,25.175,121.522,25.18,121.527,25.18,44,14,121.5245,25.1775
1032,121.527,25.175,121.532,25.175,121.527,25.18,121.532,25.18,44,15,121.5295,25.1775
1033,121.532,25.175,121.537,25.175,121.532,25.18,121.537,25.18,44,16,121.5345,25.1775
1034,121.537,25.175,121.542,25.175,121.537,25.18,121.542,25.18,44,17,121.5395,25.1775
1035,121.542,25.175,121.547,25.175,121.542,25.18,121.547,25.18,44,18,121.5445,25.1775
1036,121.547,25.175,121.552,25.175,121.547,25.18,121.552,25.18,44,19,121.5495,25.1775
1037,121.552,25.175,121.557,25.175,121.552,25.18,121.557,25.18,44,20,121.5545,25.1775
1038,121.557,25.175,121.562,25.175,121.557,25.18,121.562,25.18,44,21,121.5595,25.1775
1039,121.562,25.175,121.567,25.175,121.562,25.18,121.567,25.18,44,22,121.5645,25.1775
1040,121.567,25.175,121.572,25.175,121.567,25.18,121.572,25.18,44,23,121.5695,25.1775
1041,121.572,25.175,121.577,25.175,121.572,25.18,121.577,25.18,44,24,121.5745,25.1775
1042,121.577,25.175,121.582,25.175,121.577,25.18,121.582,25.18,44,25,121.5795,25.1775
1043,121.582,25.175,121.587,25.175,121.582,25.18,121.587,25.18,44,26,121.5845,25.1775
1044,121.522,25.18,121.527,25.18,121.522,25.185,121.527,25.185,45,14,121.5245,25.1825
1045,121.527,25.18,121.532,25.18,121.527,25.185,121.532,25.185,45,15,121.5295,25.1825
1046,121.532,25.18,121.537,25.18,121.532,25.185,121.537,25.185,45,16,121.5345,25.1825
1047,121.537,25.18,121.542,25.18,121.537,25.185,121.542,25.185,45,17,121.5395,25.1825
1048,121.542,25.18,121.547,25.18,121.542,25.185,121.547,25.185,45,18,121.5445,25.1825
1049,121.547,25.18,121.552,25.18,121.547,25.185,121.552,25.185,45,19,121.5495,25.1825
1050,121.552,25.18,121.557,25.18,121.552,25.185,121.557,25.185,45,20,121.5545,25.1825
1051,121.557,25.18,121.562,25.18,121.557,25.185,121.562,25.185,45,21,121.5595,25.1825
1052,121.562,25.18,121.567,25.18,121.562,25.185,121.567,25.185,45,22,121.5645,25.1825
1053,121.567,25.18,121.572,25.18,121.567,25.185,121.572,25.185,45,23,121.5695,25.1825
1054,121.572,25.18,121.577,25.18,121.572,25.185,121.577,25.185,45,24,121.5745,25.1825
1055,121.577,25.18,121.582,25.18,121.577,25.185,121.582,25.185,45,25,121.5795,25.1825
1056,121.582,25.18,121.587,25.18,121.582,25.185,121.587,25.185,45,26,121.5845,25.1825
1057,121.532,25.185,121.537,25.185,121.532,25.19,121.537,25.19,46,16,121.5345,25.1875
1058,121.537,25.185,121.542,25.185,121.537,25.19,121.542,25.19,46,17,121.5395,25.1875
1059,121.542,25.185,121.547,25.185,121.542,25.19,121.547,25.19,46,18,121.5445,25.1875
1060,121.547,25.185,121.552,25.185,121.547,25.19,121.552,25.19,46,19,121.5495,25.1875
1061,121.552,25.185,121.557,25.185,121.552,25.19,121.557,25.19,46,20,121.5545,25.1875
1062,121.557,25.185,121.562,25.185,121.557,25.19,121.562,25.19,46,21,121.5595,25.1875
1063,121.562,25.185,121.567,25.185,121.562,25.19,121.567,25.19,46,22,121.5645,25.1875
1064,121.567,25.185,121.572,25.185,121.567,25.19,121.572,25.19,46,23,121.5695,25.1875
1065,121.572,25.185,121.577,25.185,121.572,25.19,121.577,25.19,46,24,121.5745,25.1875
1066,121.577,25.185,121.582,25.185,121.577,25.19,121.582,25.19,46,25,121.5795,25.1875
1067,121.582,25.185,121.587,25.185,121.582,25.19,121.587,25.19,46,26,121.5845,25.1875
1068,121.542,25.19,121.547,25.19,121.542,25.195,121.547,25.195,47,18,121.5445,25.1925
1069,121.547,25.19,121.552,25.19,121.547,25.195,121.552,25.195,47,19,121.5495,25.1925
1070,121.552,25.19,121.557,25.19,121.552,25.195,121.557,25.195,47,20,121.5545,25.1925
1071,121.557,25.19,121.562,25.19,121.557,25.195,121.562,25.195,47,21,121.5595,25.1925
1072,121.562,25.19,121.567,25.19,121.562,25.195,121.567,25.195,47,22,121.5645,25.1925
1073,121.567,25.19,121.572,25.19,121.567,25.195,121.572,25.195,47,23,121.5695,25.1925
1074,121.572,25.19,121.577,25.19,121.572,25.195,121.577,25.195,47,24,121.5745,25.1925
1075,121.577,25.19,121.582,25.19,121.577,25.195,121.582,25.195,47,25,121.5795,25.1925
1076,121.582,25.19,121.587,25.19,121.582,25.195,121.587,25.195,47,26,121.5845,25.1925
1077,121.542,25.195,121.547,25.195,121.542,25.2,121.547,25.2,48,18,121.5445,25.1975
1078,121.547,25.195,121.552,25.195,121.547,25.2,121.552,25.2,48,19,121.5495,25.1975
1079,121.552,25.195,121.557,25.195,121.552,25.2,121.557,25.2,48,20,121.5545,25.1975
1080,121.557,25.195,121.562,25.195,121.557,25.2,121.562,25.2,48,21,121.5595,25.1975
1081,121.562,25.195,121.567,25.195,121.562,25.2,121.567,25.2,48,22,121.5645,25.1975
1082,121.567,25.195,121.572,25.195,121.567,25.2,121.572,25.2,48,23,121.5695,25.1975
1083,121.572,25.195,121.577,25.195,121.572,25.2,121.577,25.2,48,24,121.5745,25.1975
1084,121.577,25.195,121.582,25.195,121.577,25.2,121.582,25.2,48,25,121.5795,25.1975
1085,121.582,25.195,121.587,25.195,121.582,25.2,121.587,25.2,48,26,121.5845,25.1975
1086,121.547,25.2,121.552,25.2,121.547,25.205,121.552,25.205,49,19,121.5495,25.2025
1087,121.552,25.2,121.557,25.2,121.552,25.205,121.557,25.205,49,20,121.5545,25.2025
1088,121.557,25.2,121.562,25.2,121.557,25.205,121.562,25.205,49,21,121.5595,25.2025
1089,121.562,25.2,121.567,25.2,121.562,25.205,121.567,25.205,49,22,121.5645,25.2025
1090,121.552,25.205,121.557,25.205,121.552,25.21,121.557,25.21,50,20,121.5545,25.2075
1091,121.557,25.205,121.562,25.205,121.557,25.21,121.562,25.21,50,21,121.5595,25.2075
1092,121.562,25.205,121.567,25.205,121.562,25.21,121.567,25.21,50,22,121.5645,25.2075
